name,scholar_id,dewey_id,original_names,affiliation,email_domain,interests,citedby,url_picture
-Ing.Victor Y. Risonarta,,1,,,,,,
A Hendro Purwoko,,2,,,,,,
A. B Lal,,3,,,,,,
A. H. M. Van Hooff,,4,,,,,,
A. Harbers,,5,,,,,,
A. J. Chen Tai,,6,,,,,,
A. Y. Setiawan,,7,,,,,,
Ab Lal,,8,,,,,,
Abbas A.Badib,,9,,,,,,
Abdul Rasyid,,10,,,,,,
Abdul Wahab,,11,,,,,,
Achmad Archajadi,,12,,,,,,
Achmad Ashari,,13,,,,,,
Achmad Benyamin,,14,,,,,,
Achmad Faizin,,15,,,,,,
Ad Maas,,16,,,,,,
Adelina Proboyo,,17,,,,,,
Adeline,,18,,,,,,
Adeste Adipriyanti,,19,,,,,,
Adhityawati Kusumawardani S. E. Msc,,20,,,,,,
Adhityawati Kusumawardhani,uDexHokAAAAJ,21,,Petra Christian University,@petra.ac.id,,38,https://scholar.google.com/citations?view_op=medium_photo&user=uDexHokAAAAJ
Adi Santosa,,22,,,,,,
"Adi Santosa, Maarch",,23,,,,,,
Adi Saputra Nugraha,,24,,,,,,
Adi Satria Kurniawan,,25,,,,,,
Adi Wibowo,_Byz_9wAAAAJ,26,,Petra Christian University,@petra.ac.id,Semantic Web;Knowledge Management;Enterprise Architecture,205,https://scholar.google.com/citations?view_op=medium_photo&user=_Byz_9wAAAAJ
Adi Widiadi,,27,,,,,,
Adiel Yuwono,,28,,,,,,
Aditya Andreani,,29,,,,,,
Aditya Umbu Tana Amah,,30,,,,,,
Adrian Wibisono,,31,,,,,,
Adriana Aprilia,,32,,,,,,
Adrienn Eros,,33,,,,,,
Advances In Civil Engineering And Sustainable Architecture,1xE-gJYAAAAJ,34,,Petra Christian University,@petra.ac.id,,73,https://scholar.google.com/citations?view_op=medium_photo&user=1xE-gJYAAAAJ
Adwin Surja Atmadja,,35,,,,,,
Afandi Saleh,,36,,,,,,
Affandi Saleh,,37,,,,,,
Afian Setyanto,,38,,,,,,
Afra Willems,,39,,,,,,
Agievianthi,,40,,,,,,
Agoes Tinus Lis Indrianto,,41,,,,,,
Agung Harianto,oLUGrT0AAAAJ,42,,petra christian university,@petra.ac.id,,373,https://scholar.google.com/citations?view_op=medium_photo&user=oLUGrT0AAAAJ
Agung Hariyanto,,43,,,,,,
Agung Haryono,,44,,,,,,
Agung Riyadi Purwanta,,45,,,,,,
Agus Adhisetiono Sutanto,,46,,,,,,
Agus Arianto Toly,GwClxjoAAAAJ,47,,"Lecturer of Tax Accounting, Petra Christian University",@petra.ac.id,Tax;Finance;and Financial Accounting,1204,https://scholar.google.com/citations?view_op=medium_photo&user=GwClxjoAAAAJ
Agus Dwi Hariyanto,,48,,,,,,
Agus Efendi,,49,,,,,,
Agus Hidayat,,50,,,,,,
Agus Mulyanto,,51,,,,,,
Agus Santoso,,52,,,,,,
Agus Widodo,,53,,,,,,
Agus Wijayanto A,,54,,,,,,
Agusly Irawan Aritonang,,55,,,,,,
Agustinus Noertjahyana,PdkyLoYAAAAJ,56,,Petra Christian University,@petra.ac.id,Computer Network;Business Intelligence;Security,901,https://scholar.google.com/citations?view_op=medium_photo&user=PdkyLoYAAAAJ
Agustinus Nugroho,,57,,,,,,
Ahmad Adib,,58,,,,,,
Ajeng Dyah Puspitasari,,59,,,,,,
Ajeng Putri Palupi,,60,,,,,,
"Alan Darmasaputra, Se, Mpacc., Mbus",,61,,,,,,
"Alan Darmasaputra, Se, Mpacc., Mbus.",6Z2HXQEAAAAJ,62,,Petra Christian University,@petra.ac.id,Accounting,11,https://scholar.google.com/citations?view_op=medium_photo&user=6Z2HXQEAAAAJ
Albert J. Soehardjo,,63,,,,,,
Albert Kuncoro,,64,,,,,,
Albert Ter Harmsel,,65,,,,,,
Albertus L S,,66,,,,,,
Alejandro Moreno Celleri,,67,,,,,,
Aleksandar Terziev,,68,,,,,,
Aletheia Threskeia,sj-VORoAAAAJ,69,,Petra Christian University,@petra.ac.id,,10,https://scholar.google.com/citations?view_op=medium_photo&user=sj-VORoAAAAJ
Alex Van Den Born,,70,,,,,,
Alexander,,71,,,,,,
Alexander Christian,,72,,,,,,
Alexander Dionysius W,,73,,,,,,
Alexander Handoyo,,74,,,,,,
Alexander Muylaert,,75,,,,,,
Alexander Setiawan,-UEzfB0AAAAJ,76,,Associate Professor of Informatics Department Petra Christian University,@petra.ac.id,Information System;Business Intelligence;Software Engineering,816,https://scholar.google.com/citations?view_op=medium_photo&user=-UEzfB0AAAAJ
Alexandri Luthfi R,,77,,,,,,
Ali Djamhuri,,78,,,,,,
Alie Handojo,,79,,,,,,
Alin Kristina,,80,,,,,,
Alpin Gadman Markali S. S,,81,,,,,,
Altrerosje Asri,,82,,,,,,
Alvin Julianto,,83,,,,,,
Alvin Nathaniel Tjondrowiguno,,84,,,,,,
Alvin Raditya,,85,,,,,,
Alvin Raditya Sutopo,,86,,,,,,
Alvin Tjondrowiguno,,87,,,,,,
Ambrosius Matthew Junius Reynaldo,uXqR_dIAAAAJ,88,,"Petra Christian University, Surabaya, Indonesia",@petra.ac.id,Civil Engineering;Construction Management;Optimization in Civil Engineering,5,https://scholar.google.com/citations?view_op=medium_photo&user=uXqR_dIAAAAJ
Amelia,,89,,,,,,
Amelia Anggono,,90,,,,,,
Amelia Sidik,,91,,,,,,
Amelia Sugondo,6RUt-eUAAAAJ,92,,Petra Christian University,@petra.ac.id,mechanical engineering,175,https://scholar.google.com/citations?view_op=medium_photo&user=6RUt-eUAAAAJ
Amin Nusa,,93,,,,,,
Anang Tri Wahyudi,,94,,,,,,
Anastasia,,95,,,,,,
Andereas Pandu Setiawan,GyIzG5MAAAAJ,96,,"Interior Design, Petra Christian University",@petra.ac.id,Interior Design. Material;Ecology,280,https://scholar.google.com/citations?view_op=medium_photo&user=GyIzG5MAAAAJ
Andhi Wijaya,,97,,,,,,
Andi,Ki-i9fQAAAAJ,98,,"PhD, Petra Christian University",@petra.ac.id,Construction Management,616,https://scholar.google.com/citations?view_op=medium_photo&user=Ki-i9fQAAAAJ
Andi Siandika,,99,,,,,,
Andi Widjaja,,100,,,,,,
Andini Emiati,,101,,,,,,
Andojo Ongkodjojo,,102,,,,,,
Andre Edfan Robin,,103,,,,,,
Andre Gunawan,,104,,,,,,
Andre Postma,,105,,,,,,
Andreas Bastedo,,106,,,,,,
Andreas Eko Widiatmoko,,107,,,,,,
Andreas Handojo,KUbgSxQAAAAJ,108,,Petra Christian University,@petra.ac.id,Supply Chain Management;Big Data;Decision Support System;Mobile Computing,875,https://scholar.google.com/citations?view_op=medium_photo&user=KUbgSxQAAAAJ
Andreas Soebagio,,109,,,,,,
Andreaz N Budi,,110,,,,,,
Andri Judhianto,,111,,,,,,
Andri Subandria,,112,,,,,,
Andrian Dektisa Hagijanto,,113,,,,,,
Andy Denz,,114,,,,,,
Andy Febrico Bintoro,,115,,,,,,
Andy Nugroho,,116,,,,,,
Andy Setiabudi,,117,,,,,,
Ang Harry Tjahjono,,118,,,,,,
Angela Christysonia Tampubolon,uzMrbfwAAAAJ,119,,Petra Christian University,@petra.ac.id,,196,https://scholar.google.com/citations?view_op=medium_photo&user=uzMrbfwAAAAJ
Angela Jasmine Tanya Tjahyana,,120,,,,,,
Angela Mieke Dewi,,121,,,,,,
Angie Elaine Breneman,,122,,,,,,
Angsoka Yorintha Paundralingga,,123,,,,,,
Ani Wijayanti Suhartono,yi67k28AAAAJ,124,,"Lecturer Visual Communication Design, Petra Christian University",@petra.ac.id,Media Studies;Enterpreneurship,161,https://scholar.google.com/citations?view_op=medium_photo&user=yi67k28AAAAJ
Aniek Rakhmawati,,125,,,,,,
Aniendya Christianna,ie4hkKIAAAAJ,126,,PETRA CHRISTIAN UNIVERSITY,@petra.ac.id,CULTURAL STUDIES;ART DESIGN;GENDER,206,https://scholar.google.com/citations?view_op=medium_photo&user=ie4hkKIAAAAJ
Anies Hannawati,,127,,,,,,
Anik Juniwati,ZxLMXwMAAAAJ,128,,"Lecture, Petra Christian University",@petra.ac.id,building thermal;building technology,123,https://scholar.google.com/citations?view_op=medium_photo&user=ZxLMXwMAAAAJ
Anik Rakhmawati,,129,,,,,,
Anita Angelica Kresno Widjojo,,130,,,,,,
Anita Lie,,131,,,,,,
Anita Nathania,,132,,,,,,
Anita Nathania Purbowo,,133,,,,,,
Anita Nusantari,,134,,,,,,
Anita Sylvia Carolina,,135,,,,,,
Anjanette Michelle,,136,,,,,,
Anne Edward,,137,,,,,,
Anne Klarenbeek Med,,138,,,,,,
Anne Marie Van Seters,,139,,,,,,
Anneke Heritaningsih Tupan,,140,,,,,,
Anthimos Georgiou,,141,,,,,,
Antoinette Little,,142,,,,,,
Anton Winarko,,143,,,,,,
Antoni,,144,,,,,,
Antoni Antoni,GJ1hgyYAAAAJ,145,,Petra Christian University,@petra.ac.id,concrete;fly ash;high calcium fly ash;geopolymer;low cement,1095,https://scholar.google.com/citations?view_op=medium_photo&user=GJ1hgyYAAAAJ
Antonius Gurito,,146,,,,,,
Antonius Hendro P,,147,,,,,,
Ardi Kanaka,,148,,,,,,
Ari Joewono,,149,,,,,,
Arie De Weerd,,150,,,,,,
Arie Wirawan Margono,,151,,,,,,
Arief Agung S,,152,,,,,,
Arief Agung Suwasono,,153,,,,,,
Arief Agung Swasono,,154,,,,,,
Arief Setyawan,,155,Arief Setiawan,,,,,
Arifin,,156,,,,,,
Ario Wibisono,,157,,,,,,
Aris Budhiyanto,,158,,,,,,
"Aris Budhiyanto St, M.Sc",,159,,,,,,
"Aris Budhiyanto St, M.Sc., Ph.D.",_jcTAasAAAAJ,160,,Petra Christian University,@petra.ac.id,building science;sustainable architecture;building simulation;green architecture,48,https://scholar.google.com/citations?view_op=medium_photo&user=_jcTAasAAAAJ
Aris Soedibjo,,161,,,,,,
Aristarchus,,162,,,,,,
Aristarchus Pranayama Kuntjara,c0JbdsEAAAAJ,163,,Petra Christian University,@petra.ac.id,art;visual communication design;creative digital media,8,https://scholar.google.com/citations?view_op=medium_photo&user=c0JbdsEAAAAJ
Aristarchus Pranayana,,164,,,,,,
Arjen Krawinkel,,165,,,,,,
Arlinah Imam Rahardjo,,166,,,,,,
Aznar Zacky,,167,Asnar Zacky,,,,,
Asrul Amar,,168,,,,,,
Ass. . Yan,,169,,,,,,
Asst. . David Mrugala,,170,,,,,,
Asthararianty,,171,,,,,,
Astrella Phelia,,172,,,,,,
Astri Yogatama,,173,,,,,,
Astri Yogatama Sigilipoe,h88rlUsAAAAJ,174,,Petra Christian University,@petra.ac.id,organizational communication;sociology;public relations;communication management,98,https://scholar.google.com/citations?view_op=medium_photo&user=h88rlUsAAAAJ
Augustinus Simanjuntak,jsLRwaYAAAAJ,175,,Petra Christian University,@petra.ac.id,Business Law and Ethics,94,https://scholar.google.com/citations?view_op=medium_photo&user=jsLRwaYAAAAJ
Aylanda Hidayati Dwi Nugroho,82GWZwwAAAAJ,176,,"English Department, Petra Christian University",@petra.ac.id,English;Linguistics;Critical Discourse Analysis;News Analysis;Media,144,https://scholar.google.com/citations?view_op=medium_photo&user=82GWZwwAAAAJ
Ayu Widhi,,177,,,,,,
Azwan Wono,,178,,,,,,
B Suparto,,179,,,,,,
B. H.W. Hadikusumo,,180,,,,,,
Bagus Saksono,,181,,,,,,
Balgum Song,,182,,,,,,
Bambang H,,183,,,,,,
Bambang Haryadi,,184,,,,,,
Bambang Hermanto,,185,,,,,,
Bambang Irawan,,186,,,,,,
Bambang Mardiono,,187,,,,,,
Bambang Mega Arijanto,,188,,,,,,
Bambang Sukoaji,,189,,,,,,
Bambang Suparijanto,,190,,,,,,
Bambang Wyanto,,191,,,,,,
Barbara Hopwood,,192,,,,,,
Barbara Molendijk,,193,,,,,,
Bart Delvaux,,194,,,,,,
Baskoro,,195,,,,,,
Baskoro S. Banindro,,196,,,,,,
Baskoro Suryo Banindro,,197,,,,,,
Bedjo Riyanto,,198,,,,,,
Bekti,,199,,,,,,
Bemly Hartman,,200,,,,,,
Bena Khristiana Vania,,201,,,,,,
Benedictus J,,202,,,,,,
Benedictus Rahardjo . M. B.A,,203,,,,,,
Benidictus Jobeanto,,204,,,,,,
Benjamin Fleming Intan,,205,,,,,,
Benjamin Hadisurya,,206,,,,,,
Benyamin Lumantarna,iNrlHPUAAAAJ,207,Benjamin Lumantarna,"Professor of Civil Engineering, Petra Christian University",@petra.ac.id,Earthquake Engineering;Structural Analysis,220,https://scholar.google.com/citations?view_op=medium_photo&user=iNrlHPUAAAAJ
Benny Liman Hadi,,208,,,,,,
Benny Mangoting,,209,,,,,,
Benny Permata Soegiono,,210,,,,,,
Benny Poerbantanoe,,211,,,,,,
Benyamin H,,212,,,,,,
Benyamin Rahardjo,,213,,,,,,
Bergmans,,214,,,,,,
Bernadeth Febyola Linando,,215,,,,,,
Bernadette D. A. Maer,,216,,,,,,
Bernadette Dian A. M,,217,,,,,,
Bernadette Dian Arini M,,218,,,,,,
Bernadette Dian Arini Maer,,219,,,,,,
Bernadette Maer,,220,,,,,,
Bernard Van Den Berg,,221,,,,,,
Bernardinus Bambang,,222,,,,,,
Bernardo Nugroho Yahya,,223,,,,,,
Berry Van Der Wijst,,224,,,,,,
Bert Van Gestel,,225,,,,,,
Biddy Taylor,,226,,,,,,
Bindut Purnomo,,227,,,,,,
Bing Bedjo Tanudjaja,22Tg59IAAAAJ,228,,"Assistant Professor, Petra Christian University",@petra.ac.id,Visual Communication Design;Cultural Studies,463,https://scholar.google.com/citations?view_op=medium_photo&user=22Tg59IAAAAJ
Bintoro,,229,,,,,,
Birgitta Carla Sutanto,,230,,,,,,
Bisatya Widadya Maer,,231,,,,,,
Biyanto,,232,,,,,,
Bob Jan Ten Cate,,233,,,,,,
Bobby O. P. Soepangkat,,234,,,,,,
Bram Michael Wayne,,235,,,,,,
Bramantijo,,236,,,,,,
Bramantyo,,237,,,,,,
Bramasta Putra Redyantanu,3yEeFKYAAAAJ,238,,Petra Christian University,@petra.ac.id,architectural design,47,https://scholar.google.com/citations?view_op=medium_photo&user=3yEeFKYAAAAJ
Brian Downey,,239,Brian Downe,,,,,
Bryan Widarno,,240,,,,,,
Budi Darma,,241,,,,,,
Budi Kurniawan,,242,,,,,,
Budi Lironny Ferry,,243,,,,,,
Budi Prasetyadi,,244,,,,,,
Budi Purwiyanto,,245,,,,,,
Budi Setiawan,,246,,,,,,
Budi Setyorahardjo,,247,Budi Setiorahardjo,,,,,
Budi Setiyono,,248,,,,,,
Budi Utomo K. W,,249,,,,,,
Budianto,,250,,,,,,
Budiman Christiananta,,251,,,,,,
Budiman Proboyo,,252,,,,,,
Budisetyono Tedjakusuma,,253,,,,,,
Bunawi Gunawidjaja,,254,,,,,,
Burhan Bungin,,255,,,,,,
C. Y. Hsii,,256,,,,,,
Camelia Kusumo,,257,,,,,,
Candra Wahyudi,,258,,,,,,
Caroline Chan,,259,,,,,,
Caroline Widjoyo (Clt Per Jan/08),,260,,,,,,
Carolyn Braaksma,,261,,,,,,
Carrie-Ann Bruehlmann,,262,,,,,,
Casper Schellekens,,263,,,,,,
Cees Helder,,264,,,,,,
Celine Junika,,265,,,,,,
Celline Junica,,266,,,,,,
Celline Junica Pradjonggo,,267,,,,,,
Chandra Pratama Setiawan,mvdItQ8AAAAJ,268,,"Librarian, Petra Christian University",@petra.ac.id,Library;cataloguing;library as place;library marketing;corporate social responsibility of university …,0,https://scholar.google.com/citations?view_op=medium_photo&user=mvdItQ8AAAAJ
Chandra Udayana,_7-vXJsAAAAJ,269,,Petra Christian University,@peter.petra.ac.id,biblical theology;biblical worldview;christian ethics,0,https://scholar.google.com/citations?view_op=medium_photo&user=_7-vXJsAAAAJ
Chang Hsin Ping B. A,,270,,,,,,
Chao Shan Hua,,271,,,,,,
Chau Lun Ip,,272,,,,,,
Chen,,273,,,,,,
Chen Shu,,274,,,,,,
Cherry Galatia Ballangan,,275,,,,,,
Cherry Hadikusumo,,276,,,,,,
Cherry.L.Hadikusumo,,277,,,,,,
Chi-Hung Chi,,278,,,,,,
Chory Angela Wijayanti,AeSliaUAAAAJ,279,,Petra Christian University,@petra.ac.id,Broadcast/Television Journalism,200,https://scholar.google.com/citations?view_op=medium_photo&user=AeSliaUAAAAJ
Chris Vrolings,,280,,,,,,
Christian,,281,,,,,,
Christian Purnama,,282,,,,,,
Christina Eviutami Mediastica,,283,,,,,,
Christina Rahardja,,284,,,,,,
Christine Wonoseputro,,285,,,,,,
Christine Yunita,,286,,,,,,
Christiono Utomo,,287,,,,,,
Christy Maria Sucahyo,,288,,,,,,
Cilcia Kusumastuti,,289,,,,,,
Cindy Muljosumarto,wdBlE4gAAAAJ,290,,"Lecturer of Visual Communication Design, Petra Christian University",@petra.ac.id,Branding;Advertising;Brand Communication,136,https://scholar.google.com/citations?view_op=medium_photo&user=wdBlE4gAAAAJ
Cindy Muljosumarto S.Sn,,291,,,,,,
Cindy Randa Atika,,292,,,,,,
Claudia Dika Ivana,,293,,,,,,
Claudina Milawati,,294,,,,,,
Cma Lannyawati,,295,,,,,,
Cok Gde Raka Swendra,,296,Cok Gde Raka Swandra,,,,,
Cok Gede Rai Padmanaba,,297,,,,,,
Cokorda Alit Artawan,,298,,,,,,
Connie Susilawati,,299,,,,,,
Cons. Tri Handoko,,300,,,,,,
Corrie Wolf-Guis,,301,,,,,,
Cyndy Yuanita,,302,,,,,,
Cynthia Yulita Wardayanti,,303,,,,,,
Cyntia Puspa Pitaloka,lUEh4G4AAAAJ,304,,Petra Christian University,@petra.ac.id,Public Health,5,https://scholar.google.com/citations?view_op=medium_photo&user=lUEh4G4AAAAJ
D.Waaiman A,,305,,,,,,
Dandy Barata S,,306,,,,,,
Dani Puspitasari,nKBpad4AAAAJ,307,,"Lecturer, Petra Christian University",@petra.ac.id,education;digital learning;TESOL;early childhood education;elementary teacher education,72,https://scholar.google.com/citations?view_op=medium_photo&user=nKBpad4AAAAJ
Daniel Bamford,,308,,,,,,
Daniel Budiana,YCc1kuYAAAAJ,309,,"Lecturer, Petra Christian University",@petra.ac.id,Film;Film Studies;Semiotic;Social Media;New Media,158,https://scholar.google.com/citations?view_op=medium_photo&user=YCc1kuYAAAAJ
Daniel Indarto Prajogo,,310,,,,,,
Daniel Iskandar,,311,,,,,,
Daniel Kurniawan,,312,,,,,,
Daniel Kurniawan Salomoon,,313,,,,,,
Daniel Laberge,,314,,,,,,
Daniel Rohi,,315,,,,,,
Daniel Sam Koster,,316,,,,,,
Daniel Tjandra,io79XMIAAAAJ,317,,Petra Christian University,@petra.ac.id,Geotechnical Engineering,481,https://scholar.google.com/citations?view_op=medium_photo&user=io79XMIAAAAJ
Daniel Trivellato,,318,,,,,,
Daniel Tyasmoko,,319,,,,,,
Daniel Zefania Pribadi,,320,,,,,,
Danny Prabowo Soetanto,,321,,,,,,
Danny S.Mintorogo,,322,,,,,,
Danny Santoso Mintorogo,,323,,,,,,
Danny Wibowo,,324,,,,,,
Darian Gunamardi,,325,,,,,,
Dario Rosidi,,326,,,,,,
Darsanto Prayogo,,327,,,,,,
David Bamford,,328,,,,,,
David Kelly,,329,,,,,,
David Kristianto,cj33DRMAAAAJ,330,,Petra Christian University,@petra.ac.id,Sosial Manajemen,18,https://scholar.google.com/citations?view_op=medium_photo&user=cj33DRMAAAAJ
David Leung,,331,,,,,,
David Pranata,,332,,,,,,
David Sundoro,,333,,,,,,
David Tan Kayogi,,334,,,,,,
David Wilson,,335,,,,,,
David Wiyono,,336,,,,,,
Dea Minerva,,337,,,,,,
Dea Minerva S.Ds,,338,,,,,,
Dean Charlos Padji Dogi,Lu2ZuioAAAAJ,339,,"Accounting Department, School of Business and Management, Petra Christian University",@petra.ac.id,Accounting;Finance;Fraud;Tax Avoidance,2,https://scholar.google.com/citations?view_op=medium_photo&user=Lu2ZuioAAAAJ
Debora Anne Y. A,,340,,,,,,
Debora Anne Yang Aysia,KXrEBfAAAAAJ,341,,Lecturer of Industrial Engineering Department Petra Christian University,@petra.ac.id,Work system design and ergonomic,88,https://scholar.google.com/citations?view_op=medium_photo&user=KXrEBfAAAAAJ
Deborah Christine Widjaja,JGQIW34AAAAJ,342,,"Lecturer of Hotel Management Program, Petra Christian University",@petra.ac.id,Organizational Development;Human Resource Management;Organizational Behavior;Hospitality,800,https://scholar.google.com/citations?view_op=medium_photo&user=JGQIW34AAAAJ
Deddi Duto Hartanto,,343,,,,,,
Deddy Setyawan,,344,,,,,,
Dedi Eko Herwanto,,345,,,,,,
Dedik S. Santoso,,346,,,,,,
Dedy Triyono,,347,,,,,,
Denis Dominanta,,348,,,,,,
Dennis Vossen,,349,,,,,,
Dennis Zwiers,,350,,,,,,
Denny Gunawan,,351,,,,,,
Deny Tri Ardianto,,352,,,,,,
Deny Tri Ardianto (47-286),,353,,,,,,
Desi Yoanita,HbEIEXIAAAAJ,354,,"Communication Science Dept., Petra Christian University",@petra.ac.id,Interpersonal Communication;Family Communication;Citizen Journalism;Framing Analysis,258,https://scholar.google.com/citations?view_op=medium_photo&user=HbEIEXIAAAAJ
Dessy Indah Sari Dinata,,355,,,,,,
Desy Suriana,,356,,,,,,
Desywati Rahardjo,,357,,,,,,
Detlef Wagenaar,,358,,,,,,
Devi Destiani Andilas,7qe_Se4AAAAJ,359,,"Program Creative Tourism, Petra Christian University",@petra.ac.id,Hospitality & Tourism Management,46,https://scholar.google.com/citations?view_op=medium_photo&user=7qe_Se4AAAAJ
Devie,ZmPbJo0AAAAJ,360,,"Associate Professor of strategic management accounting, Petra Christian University",@petra.ac.id,strategic management accounting;leadership;and strategy management,90,https://scholar.google.com/citations?view_op=medium_photo&user=ZmPbJo0AAAAJ
Devy Aswarie,,361,,,,,,
Dewi Astuti,,362,,,,,,
Dewi Pertiwi,,363,,,,,,
Dewi Rachmawati,,364,,,,,,
Dewi Setyowati,,365,,,,,,
Dharma Setyo Nugroho,,366,,,,,,
Dhyah Harjanti,FXOKpKIAAAAJ,367,,"Business Management Program, Petra Christian University",@petra.ac.id,Strategic Management;Business Management,830,https://scholar.google.com/citations?view_op=medium_photo&user=FXOKpKIAAAAJ
Diah Ayu Martengsari,,368,,,,,,
Diah Dharmayanti,,369,,,,,,
Dian Permata Sari,,370,,,,,,
Diana Thamrin,,371,,,,,,
Dibya Adipranata Hody,,372,,,,,,
Didied P. Affandy,,373,,,,,,
Didik Eko Prayitno,,374,,,,,,
Didik Wahjudi,qjkAD34AAAAJ,375,,"Associate Professor of Mechanical Engineering, Petra Christian University",@petra.ac.id,Remanufacturing;Circular Economy;Lean Manufacturing;Quality Management;Strategic Planning,367,https://scholar.google.com/citations?view_op=medium_photo&user=qjkAD34AAAAJ
Didik Wahyudianto,,376,,,,,,
Dinalia Widjaja,,377,,,,,,
Djati Nursuhud,,378,,,,,,
Djoko Yosef,,379,,,,,,
Djoni Chandra,,380,,,,,,
Djoni Haryadi Setiabudi,K8Ze1_QAAAAJ,381,,"Lektor Kepala Teknik Komputer, Universitas Kristen Petra",@petra.ac.id,E-business;Information System;Computer Architecture,431,https://scholar.googleusercontent.com/citations?view_op=view_photo&user=K8Ze1_QAAAAJ&citpid=6
Djoni Widodo,,382,,,,,,
Djwantoro Hardjito,ih679EwAAAAJ,383,,"Professor, Petra Christian University, Indonesia",@petra.ac.id,Geopolymer;Construction Materials;Concrete;Fly Ash;Mortar,8329,https://scholar.google.com/citations?view_op=medium_photo&user=ih679EwAAAAJ
Doddy H.Sinambela,,384,,,,,,
Doddy Kurniawan,,385,,,,,,
Doddy Prayogo,Pon2Rx4AAAAJ,386,,"Petra Christian University, Surabaya, Indonesia",@petra.ac.id,Metaheuristics;Computational Intelligence;Data Mining;Civil Engineering;Construction Management,3904,https://scholar.google.com/citations?view_op=medium_photo&user=Pon2Rx4AAAAJ
Dodi Wondo Dipl. Ing,,387,,,,,,
Don Rozano,,388,,,,,,
Doni Budiono,,389,,,,,,
Donna M. Aditjipto,,390,,,,,,
Donni Budiono,,391,,,,,,
Donny Setya,,392,,,,,,
Dorothea Ervina,,393,,,,,,
Douwe Meetsma,,394,,,,,,
"Dr. Adi Santosa, Maarch",ockS_t8AAAAJ,395,,"Department of Interior Design, Petra Christian University",@petra.ac.id,History and Theory;Material Science;Construction;Furniture Design,260,https://scholar.google.com/citations?view_op=medium_photo&user=ockS_t8AAAAJ
Dr. Laksmi Kusuma Wardani,X9HFzXYAAAAJ,396,,"Petra Christian University, Surabaya, Indonesia",@petra.ac.id,interior design;design and culture;cultural heritage;art and design;product design,714,https://scholar.google.com/citations?view_op=medium_photo&user=X9HFzXYAAAAJ
Dr.Ido Prijana Hadi,SKfSCq0AAAAJ,397,,"Doctor of Communication Science, Petra Christian University",@petra.ac.id,Communication Science;Media and Journalism;Communication Theory;Qualitative Research;Radio Studies,1084,https://scholar.google.com/citations?view_op=medium_photo&user=SKfSCq0AAAAJ
Dudung Purwadi,,398,,,,,,
Dwi Budiman,,399,,,,,,
Dwi Retnaning Untari,,400,,,,,,
Dwi Setiawan,JPrwPfwAAAAJ,401,,"Assistant Professor of English, Petra Christian University",@petra.ac.id,Adaptation Studies;Literature on Screen,212,https://scholar.google.com/citations?view_op=medium_photo&user=JPrwPfwAAAAJ
Dwi Sutanto,,402,,,,,,
Dzinnu Roini,,403,,,,,,
E. A. Van Dijk,,404,,,,,,
E. B. Tedja,,405,,,,,,
E. Oetama Hardja,,406,,,,,,
"Eddy M. Sutanto, M.Sc",,407,,,,,,
Eddy Madiono Sutanto,,408,,,,,,
"Eddy Madiono Sutanto, M.Sc",,409,,,,,,
Eddy Sutanto,,410,,,,,,
Eddy Tjokrowisastro,,411,,,,,,
Eddy Yahya,,412,,,,,,
Edwin Ervanto Soelistyo,,413,,,,,,
Edwin Hoogeveen,,414,,,,,,
Edwin Japarianto,,415,,,,,,
Edy Henock Sutiadji,,416,,,,,,
Edy Iskanto,,417,,,,,,
Effendy Tanojo,,418,,,,,,
Ekadewi Anggraini Handoyo,SXZUyLYAAAAJ,419,,"Associate Professor of Mech. Eng., Petra Christian University",@petra.ac.id,Heat Transfer;Thermodynamics;Air Conditioning;solar thermal energy,481,https://scholar.google.com/citations?view_op=medium_photo&user=SXZUyLYAAAAJ
Eko A. B.Oemar,,420,,,,,,
Eko Ab Oemar,,421,,,,,,
Eko Janu Irianto,,422,,,,,,
Eko Nurmianto,,423,,,,,,
Eko Prasetyo,,424,,,,,,
Elisa Christiana,,425,,,,,,
Elisa Tjondro,nUgsEucAAAAJ,426,,Petra Christian University,@petra.ac.id,fiscal policy;financial accounting;accounting behavior;tax behavior;individual investment,512,https://scholar.google.com/citations?view_op=medium_photo&user=nUgsEucAAAAJ
Elisabeth Christine Yuwono,,427,,,,,,
Ellen Ruth Pantouw,,428,,,,,,
Elvina S. Wijaya,qn3mA30AAAAJ,429,,Petra Christian University,@petra.ac.id,Building Performance,19,https://scholar.google.com/citations?view_op=medium_photo&user=qn3mA30AAAAJ
Elvina Shanggrama Wijaya,,430,,,,,,
Ely Indratmanti,,431,,,,,,
Embran Nawawi,,432,,,,,,
Emeralda Ayu Kusuma,,433,,,,,,
Emmy Hosea,dBw1jloAAAAJ,434,,Petra Christian University,@petra.ac.id,Power System Analysis;Renewable Energy,91,https://scholar.google.com/citations?view_op=medium_photo&user=dBw1jloAAAAJ
Endang Setyati,,435,,,,,,
Endang Setyawati,,436,,,,,,
Endang Styati,,437,,,,,,
Endo Wijaya Kartika,-sZJOTUAAAAJ,438,,Petra Christian University,@petra.ac.id,,1064,https://scholar.google.com/citations?view_op=medium_photo&user=-sZJOTUAAAAJ
Endro,,439,,,,,,
Erandaru,,440,,,,,,
Eric Boer,,441,,,,,,
Erik H J D Van Der Schriek,,442,,,,,,
Erik H. J.D. Van Der Schriek,,443,,,,,,
Erina Sudaryati,,444,,,,,,
Ernesto Farre,,445,,,,,,
Erni Eveline Olivia,,446,,,,,,
Erwin Krisnanda,,447,,,,,,
Ester Harijanti Kuntjara,,448,,,,,,
Ester Ong,,449,,,,,,
Esther Hanaya,,450,,,,,,
Esther Kuntjara,SHfDZzMAAAAJ,451,,"Professor Emerita of Linguistics and culture, Petra Christian University",@petra.ac.id,Intercultural communication;women studies;Chinese Indonesian studies,612,https://scholar.google.com/citations?view_op=medium_photo&user=SHfDZzMAAAAJ
Esthi Susanti,,452,,,,,,
Esti Asih Nurdiah,,453,,,,,,
Esti Durahsanti,,454,,,,,,
Etrika Surya Dewi,,455,,,,,,
Eunike Kristi Julistiono,kz8wdRgAAAAJ,456,,Petra Christian University,@petra.ac.id,architecture;sustainable architecture;architectural structure;vertical building structure,43,https://scholar.google.com/citations?view_op=medium_photo&user=kz8wdRgAAAAJ
Evangelos Paradas,,457,,,,,,
Evania Yessica,,458,,,,,,
Evelyn,,459,,,,,,
Evie Santoso,hwALICsAAAAJ,460,,"Lecture in Petra Christian University, Head of Center of Christian Leadership",@petra.ac.id,Theology;Education;Leadership,2,https://scholar.google.com/citations?view_op=medium_photo&user=hwALICsAAAAJ
F. X. Aryono Soeprapto A,,461,,,,,,
Fabiola D. Kurnia,,462,,,,,,
Fandi D. Suprianto,,463,,,,,,
Fandi Dwiputra Suprianto,_3hhgiMAAAAJ,464,,"Assistant Professor in the Mechanical Engineering Department, Petra Christian University of …",@petra.ac.id,Computational Fluid Dynamics;Fluid-Structure Interaction;Renewable Energy;High Performance Computing,251,https://scholar.google.com/citations?view_op=medium_photo&user=_3hhgiMAAAAJ
Fanny Lesmana,qzg0kdAAAAAJ,465,,Petra Christian University,@petra.ac.id,journalism;media studies;cultural studies;public speaking;photo journalism,176,https://scholar.google.com/citations?view_op=medium_photo&user=qzg0kdAAAAAJ
Fardiani,,466,,,,,,
Farius Tjioesman,,467,,,,,,
Febiyola Wijaya,,468,,,,,,
Felecia,,469,,,,,,
Felecia Felecia,DWHa6hQAAAAJ,470,,"Industrial Engineering Department, Petra Christian University",@petra.ac.id,Quality;Technopreneurship,66,https://scholar.google.com/citations?view_op=medium_photo&user=DWHa6hQAAAAJ
Felicia Goenawan,DDtVCLIAAAAJ,471,,Petra Christian University,@petra.ac.id,Communication Science,217,https://scholar.google.com/citations?view_op=medium_photo&user=DDtVCLIAAAAJ
Felicia Soedjianto,,472,,,,,,
Felicia Wagiri,,473,,,,,,
Felicia Waigiri S.Sn,,474,,,,,,
Felix Effendy,,475,,,,,,
Felix Pasila,tZbumnkAAAAJ,476,,"Associate Professor, Petra Christian University",@petra.ac.id,Computational Intelligence Applications,325,https://scholar.google.com/citations?view_op=medium_photo&user=tZbumnkAAAAJ
Fellysia,,477,,,,,,
Fendy Santoso,,478,,,,,,
Fenny Kurnia Dewi,,479,,,,,,
Feny Elsiana,5MZiQNoAAAAJ,480,,"Department of Architecture, Petra Christian University",@petra.ac.id,daylighting;sustainable architecture,60,https://scholar.google.com/citations?view_op=medium_photo&user=5MZiQNoAAAAJ
Ferdika Tedjakusuma,,481,,,,,,
Ferry Jaolis,,482,,,,,,
Ferry Jie,,483,,,,,,
Ferryanto,,484,,,,,,
Ferryanto S. G,,485,,,,,,
Filicia Chandra,,486,,,,,,
Filipus Prio Suprobo,,487,,,,,,
Filipus Priyo Suprobo,,488,,,,,,
Fiona,,489,,,,,,
Flora Debora,,490,,,,,,
Flora Debora Floris,fylFCeEAAAAJ,491,,"English Department, Petra Christian University",@petra.ac.id,Teacher Professional Development;Technology in Teaching;English as an International Language,614,https://scholar.google.com/citations?view_op=medium_photo&user=fylFCeEAAAAJ
Florensia Yap,,492,,,,,,
Foedijiawati,,493,,,,,,
Foedjiawati,UQpBQPkAAAAJ,494,,"Lecturer of Tourism Management, Petra Christian university",@petra.ac.id,Hospitality;Tourism;Service;Business;Organization Development,229,https://scholar.google.com/citations?view_op=medium_photo&user=UQpBQPkAAAAJ
Fonny Widya,,495,,,,,,
Fotine Zijlstra,,496,,,,,,
Francesco Magni,,497,,,,,,
Francisco Allenxeon,,498,,,,,,
Frengky Tanaya,,499,Frangky Tanaya,,,,,
Frank Henning,,500,,,,,,
Franky Boentolo,978U-DUAAAAJ,501,,Petra Christian University,@petra.ac.id,Science and Faith Integration;Book of Revelation,30,https://scholar.google.com/citations?view_op=medium_photo&user=978U-DUAAAAJ
Frans Soehartono,,502,,,,,,
Frans Soetomo,,503,,,,,,
Frans Van Heerden,,504,,,,,,
Fransisca Andreani,W4IDJvMAAAAJ,505,,"Lecturer of Hotel Management, Faculty of Economy, Petra Christian University",@petra.ac.id,Marketing and Human Resource,1601,https://scholar.google.com/citations?view_op=medium_photo&user=W4IDJvMAAAAJ
Fransisca Wijaya,,506,,,,,,
Fransiska Andreanie,,507,,,,,,
Freddy H. Istanto,,508,,,,,,
Frederik Jones Syaramual,,509,,,,,,
Fredi Suryadi,,510,,,,,,
Frenky Tanaya,,511,,,,,,
Frida Taniago,,512,,,,,,
Gan Shu San,,513,,,,,,
Gareth Currie,,514,,,,,,
Gaston Soehadi,,515,,,,,,
Gatut Priyowidodo,,516,,,,,,
"Gatut Priyowidodo, Ph.D.",e3YPvWgAAAAJ,517,,"Associate Professor of Communication Science,  Petra Christian University",@petra.ac.id,Phenomenography Approach;Communication Patterns;Netnographi Komunikasi;Organizational Communication;Gereja,276,https://scholar.google.com/citations?view_op=medium_photo&user=e3YPvWgAAAAJ
Gede A. Widyadana,LlXFxcgAAAAJ,518,,"Lecturrer, Industrial Engineering, Petra Christian University",@peter.petra.ac.id,Inventory Management;Supply Chain;Operation Research,1110,https://scholar.google.com/citations?view_op=medium_photo&user=LlXFxcgAAAAJ
Gembong Baskoro,,519,,,,,,
Georgiana Manolache,,520,,,,,,
Gesti Memarista,,521,,,,,,
Giddy Harsteen,,522,,,,,,
Gideon Hadi Kusuma,,523,,,,,,
Gidion Howe Tjahyadi,,524,,,,,,
Glen Mulyawan Soetanto,,525,,,,,,
Glen Soetanto,,526,,,,,,
Gloria P. Gerilla,,527,,,,,,
Go Siang Chen,,528,,,,,,
Goenawan Sengwanto,,529,,,,,,
Gogot Setyo Budi,,530,,,,,,
Gogot Setyobudi,0yxnO2UAAAAJ,531,,Petra Christian University,@petra.ac.id,Geotechnical Engineering,343,https://scholar.google.com/citations?view_op=medium_photo&user=0yxnO2UAAAAJ
Grace Mulyono,uB-e3l4AAAAJ,532,,"Lecturer of Interior Design Program, Petra Christian University",@petra.ac.id,Concrete Furniture;Indonesian Local Material;Modular Design,195,https://scholar.google.com/citations?view_op=medium_photo&user=uB-e3l4AAAAJ
Grace Setiati,mde_yjkAAAAJ,533,,Petra Christian University,@petra.ac.id,interior design,128,https://scholar.google.com/citations?view_op=medium_photo&user=mde_yjkAAAAJ
Grace Swestin,,534,,,,,,
Gregorius Satia Budhi,a6-Tvz8AAAAJ,535,,"Assoc. Prof in Informatics Department, Petra Christian University",@petra.ac.id,Artificial Intelligence;Machine Learning;Data and Text Mining;Sentiment Analysis,1185,https://scholar.google.com/citations?view_op=medium_photo&user=a6-Tvz8AAAAJ
Gregorius Satiabudhi,,536,,,,,,
Guana Tandjung,,537,,,,,,
Guillermina L. Verzosa,,538,,,,,,
Gunawan Budi Wijaya,,539,,,,,,
Gunawan Hupoyo,,540,,,,,,
Gunawan Setiadi,,541,,,,,,
Gunawan Tanuwidjaja,,542,,,,,,
Gunawan W,,543,,,,,,
H. Imam Syakir,,544,,,,,,
H. M. Burhan Bungin,,545,,,,,,
H. Schrage,,546,,,,,,
H. Zwart,,547,,,,,,
Hadi Prasetyo,,548,,,,,,
Hari Prayitno,,549,Hadi Prayitno,,,,,
Hadi Soetrisno,,550,,,,,,
Hadi Sutrisno,,551,,,,,,
Hadi Tamtomo,,552,,,,,,
Hambali,,553,,,,,,
Han Oosterom,,554,,,,,,
Han Van Kleef,,555,,,,,,
Handayani T,,556,,,,,,
Handinoto,,557,,,,,,
Handoko Istanto,,558,,,,,,
Handoko Sugiharto,,559,,,,,,
Handono Sasmito,,560,,,,,,
Handry Khoswanto,,561,,,,,,
Handy Wicaksono,Z9-D_dkAAAAJ,562,,Petra Christian University,@petra.ac.id,Smart Manufacturing;Artificial Intelligence;Robotics and Automation,492,https://scholar.google.com/citations?view_op=medium_photo&user=Z9-D_dkAAAAJ
Hanel,,563,,,,,,
Hanijanto Soewandi,,564,,,,,,
Hanjaya Saputra,,565,,,,,,
Hanjaya Siaputra,,566,,,,,,
Hannie Kwartanti,,567,,,,,,
Hannie Kwartanti Pramita Abadi,,568,,,,,,
Hanny Hosiana Tumbelaka,DI2qCPgAAAAJ,569,,"Professor, Electrical Engineering Dept., Petra Christian University, Indonesia",@petra.ac.id,Power Electronics;Renewable Energy;Power Quality;Electric Power,247,https://scholar.google.com/citations?view_op=medium_photo&user=DI2qCPgAAAAJ
Hans Akkerman,,570,,,,,,
Hans Hollebrandse,,571,,,,,,
Hans Juwiantho,ai27V-kAAAAJ,572,,"Universitas kristen petra, Sekolah Tinggi Teknik Surabaya",@petra.ac.id,Sentiment Analysis;Artificial Inteligent,86,https://scholar.googleusercontent.com/citations?view_op=view_photo&user=ai27V-kAAAAJ&citpid=1
Hans Juwiantho S.Kom,,573,,,,,,
Hans Lauwen,,574,,,,,,
Hans Ulrich Fuhrke,,575,,,,,,
Hany Ferdinando,,576,,,,,,
Hari Minantyo,,577,,,,,,
Hari Prajitno,,578,,,,,,
Hariyanto Gunawan,,579,,,,,,
Hariyanto Hariyanto,SQXL_z4AAAAJ,580,,Petra Christian University,@petra.ac.id,Teaching Approach;Personal Development;Critical Thinking,14,https://scholar.google.com/citations?view_op=medium_photo&user=SQXL_z4AAAAJ
Hariyo Priambudi Setyo Pratomo,,581,,,,,,
Harley Prayudha,,582,Harley Prajudha,,,,,
Harm Postma,,583,,,,,,
Harry Patmadjaja,,584,,,,,,
Harry Prayitno,,585,,,,,,
Harsa Dhani,,586,,,,,,
Hartaman Satriyo,,587,,,,,,
Hartanto Wibowo,,588,,,,,,
Hartono,,589,,,,,,
Hartono Karnadi,,590,,,,,,
Hartono Subagio,,591,,,,,,
Hartoto Indra,,592,,,,,,
Hasan Oetomo,,593,,,,,,
Hasan Santoso,,594,,,,,,
Hatane Semuel,uSA4vUUAAAAJ,595,,Petra Christian University,@petra.ac.id,Marketing;Marketing Research,3983,https://scholar.google.com/citations?view_op=medium_photo&user=uSA4vUUAAAAJ
Hazim Amir,,596,,,,,,
He,,597,,,,,,
Hedy C. Indrani,IVP5KZwAAAAJ,598,,Petra Christian University,@petra.ac.id,Interior Design,235,https://scholar.google.com/citations?view_op=medium_photo&user=IVP5KZwAAAAJ
Hedy Constancia Indrani,,599,,,,,,
Helen Chiauwati Halim,,600,,,,,,
Helena C. Kis Agustin,,601,,,,,,
Hemmy Wong,,602,,,,,,
Hen Dian Yudani,VKghoOUAAAAJ,603,,Petra Christian University,@petra.ac.id,Audio Visual,171,https://scholar.google.com/citations?view_op=medium_photo&user=VKghoOUAAAAJ
Hen-Yi Jen,,604,,,,,,
Hendrata Suhada,,605,,,,,,
Hendri Kwistianus,YDTHPu0AAAAJ,606,,Petra Christian University,@petra.ac.id,Sustainability;Data Analytics;Management Accounting;Leadership,82,https://scholar.google.com/citations?view_op=medium_photo&user=YDTHPu0AAAAJ
Hendri Sutrisno,,607,,,,,,
Hendrianto,,608,,,,,,
Hendrik Thiehunan,,609,,,,,,
Hendro Aryanto,,610,,,,,,
Hendro Aryanto S. Sn,,611,,,,,,
Hendro Aryanto S.Sn,,612,,,,,,
Hendro Tejopranoto,,613,,,,,,
Hendy Mulyono,,614,,,,,,
Henk Aarts,,615,,,,,,
Henk Bruins,,616,,,,,,
Henk J Meendering,,617,,,,,,
Henny Putri,,618,,,,,,
Henny Putri Saking Wijaya,k925b70AAAAJ,619,,Petra Christian University,@petra.ac.id,second language writing;material development,32,https://scholar.google.com/citations?view_op=medium_photo&user=k925b70AAAAJ
Henri Bruel,,620,,,,,,
Henry Novianus Palit,_OJyrKoAAAAJ,621,Henry Navianus Palit,"Department of Informatics, Petra Christian University",@petra.ac.id,Distributed Computing;Cloud Computing;Big Data Analysis,668,https://scholar.google.com/citations?view_op=medium_photo&user=_OJyrKoAAAAJ
Henry Pribadi,,622,,,,,,
Heri Cahyono,,623,,,,,,
Heri Cahyono S.Sn,,624,,,,,,
Heri Saptono Warpindyasmoro,11ge99UAAAAJ,625,,Petra Christian University,@petra.ac.id,Fisika;Energi Terbarukan;Optoelectronik,16,https://scholar.google.com/citations?view_op=medium_photo&user=11ge99UAAAAJ
Heris,,626,,,,,,
Herlianto Tenggara,,627,,,,,,
Herlin Sri Utami,,628,,,,,,
Herlina Setiyaningsih,,629,,,,,,
Herman Paassen,,630,Herman Passen,,,,,
Herman Sasongko,,631,,,,,,
Herman Usman,,632,,,,,,
Herman Yongdra S. S,,633,,,,,,
Hermawan Indro Siswoyo,,634,,,,,,
Herry Christian Palit,k4S3phcAAAAJ,635,Herri Christian Palit,Universitas Kristen Petra (Petra Christian University),@petra.ac.id,Ergonomics;Industrial Engineering;Scheduling;Production Management,428,https://scholar.google.com/citations?view_op=medium_photo&user=k4S3phcAAAAJ
Herry Pintardi Chandra,,636,,,,,,
Herry Purdyanto,,637,,,,,,
Herry Sunandar,,638,,,,,,
Heru Dwi Waluyanto,,639,,,,,,
Heru Sulistija,,640,,,,,,
Herwanti Chandiawan,,641,,,,,,
Herwindy Maria Tedjaatmadja,U9CAW70AAAAJ,642,,"English Department, Petra Christian University",@petra.ac.id,Education;Language Teaching,50,https://scholar.google.com/citations?view_op=medium_photo&user=U9CAW70AAAAJ
Hester Van Der Ent,,643,,,,,,
Hiantoro Arifin,,644,,,,,,
Hidde Bulten,,645,,,,,,
Hong-Sik Pak,,646,,,,,,
Hongsik Park,,647,,,,,,
Hotlan Siagian,9kiTNVMAAAAJ,648,,Petra Christian University,@petra.ac.id,Startegic Management;Supply Chain Management;Operation Management,2979,https://scholar.google.com/citations?view_op=medium_photo&user=9kiTNVMAAAAJ
Hotlan Siagian Msc,,649,,,,,,
Hsiu Liu Chou,,650,,,,,,
Huriah,,651,,,,,,
Hurijanto Koentjoro,,652,,,,,,
I Gede Agus Widyadana,,653,,,,,,
I Gusti Ngurah Ardana,,654,,,,,,
I Gusti Ngurah Satriyadi H,,655,,,,,,
I Gusti Ngurah Wirawan,,656,,,,,,
I Gusti Nyoman Sulendra,,657,,,,,,
I Made Arya Djoni,,658,,,,,,
I Made Krisna M Santika,,659,,,,,,
I Made Narsa,,660,,,,,,
I Nengah Sudika N,,661,,,,,,
I Nyoman Adi Tiaga,,662,,,,,,
I Nyoman Mantra Fandy,,663,,,,,,
I Nyoman Sutantra,,664,,,,,,
I Nyoman Sutapa,,665,,,,,,
I Wayan Swandi,,666,,,,,,
Ian Hardianto,,667,,,,,,
Ian Hardianto Siahaan,HZChaaIAAAAJ,668,,"Lecturer of Sustainable Mechanical Engineering & Design Program, Petra Christian …",@petra.ac.id,Mechanical Engineering;Automotive Technology;Hydraulics and Pneumatics;Robust Design,204,https://scholar.google.com/citations?view_op=medium_photo&user=HZChaaIAAAAJ
Ibnu Gunawan,,669,,,,,,
Ichwan Arifin,,670,,,,,,
Idham Khalik Purba,,671,Idham Khalid Purba,,,,,
Ido Prijana Hadi,,672,,,,,,
Idrus Alkaf,,673,,,,,,
Ika Damajanti,,674,,,,,,
Ilse Trouda Hilliard,,675,,,,,,
Ima Muljati Ginsar,,676,,,,,,
Imam Isnaini,,677,,,,,,
Imam Syakir,,678,,,,,,
Iman Subekti S.Pd,,679,,,,,,
Imelda Novita Ekawati,,680,,,,,,
Imelda Rambu H. Ndjoeroemana,,681,,,,,,
Indar Sugiarto,nQr4VywAAAAJ,682,,"Petra Christian University, Technische Universität München, The University of Manchester",@ieee.org,Reconfigurable Computing;Cognitive Intelligence;Robotics;Machine Learning;Brain-Computer Interface,970,https://scholar.googleusercontent.com/citations?view_op=medium_photo&user=nQr4VywAAAAJ&citpid=2
Indarto,,683,,,,,,
Indra Pujianto Santoso,,684,,,,,,
Indriani,,685,,,,,,
Indriani Santoso,,686,,,,,,
Indriati Njoto Bisono,,687,,,,,,
Indro Setiawan,,688,,,,,,
Indro Tjahjono,,689,,,,,,
Ing Victor,,690,,,,,,
Ing. J. J.E. Mastbroek,,691,,,,,,
Inggrid,56SC1wIAAAAJ,692,,Petra Christian University,@petra.ac.id,Labor Economics;Impact Evaluation;Development Economics,49,https://scholar.google.com/citations?view_op=medium_photo&user=56SC1wIAAAAJ
Inri Inggrit Indrayani,1yQCqi4AAAAJ,693,,"Assistant Professor, Petra Christian University",@petra.ac.id,Public relations;Organizational Communication;Political Communication,633,https://scholar.google.com/citations?view_op=medium_photo&user=1yQCqi4AAAAJ
Ir. Handoko Sugiharto,H_hVTyAAAAAJ,694,,Petra Christian University,@petra.ac.id,Concrete technology,171,https://scholar.google.com/citations?view_op=medium_photo&user=H_hVTyAAAAAJ
Irma Dewi Tantio,,695,,,,,,
Irwan Budisetiawan,,696,,,,,,
Irwan Dardana,,697,,,,,,
Irwan Kristanto J,,698,,,,,,
Irwan Kristanto Julistiono,,699,,,,,,
Irwan Sahli,,700,,,,,,
Irwan Santoso,,701,,,,,,
Irwan Tjandra Tanuadji,,702,,,,,,
Is Yuniarto,,703,,,,,,
Iskandar Zulkarnain,,704,,,,,,
Ismael Setiawan,,705,,,,,,
Istiawati Kiswandono,,706,,,,,,
Ivan Arli K,,707,,,,,,
Ivan Christian Hernando,,708,,,,,,
Ivan Widiyanto S.Kom,,709,,,,,,
Ivana Sanjaya,,710,,,,,,
Ivonne,,711,,,,,,
Ivonne Muliawati Harsono,UNajjYkAAAAJ,712,,Petra Christian University,@petra.ac.id,Asian Cinema;Literature;Philosophy;Women and Gender Studies,2,https://scholar.google.com/citations?view_op=medium_photo&user=UNajjYkAAAAJ
Iwan Halim Sahputra,,713,,,,,,
Iwan Handoyo Putro,D6-QWk0AAAAJ,714,,Petra Christian University,@petra.ac.id,Educational Technology,64,https://scholar.google.com/citations?view_op=medium_photo&user=D6-QWk0AAAAJ
Iwan Natawijaya,,715,,,,,,
Iwan Njoto Sandjaja,,716,,,,,,
Iwan Triyuwono,,717,,,,,,
J. Barnhard,,718,,,,,,
J. L.G. (Hans) Engbers,,719,,,,,,
J. Loekito Kartono,,720,,,,,,
J. Lubi,,721,,,,,,
J. Malonda,,722,,,,,,
J. Petrus Sugiarto,,723,,,,,,
J. Van Leeuwen,,724,,,,,,
Jack R. Lumanauw,,725,,,,,,
Jack Zijlmans,,726,,,,,,
Jacky Cahyadi,,727,,,,,,
Jacob Iskandar,,728,,,,,,
Jacobus Parayogo,,729,,,,,,
Jake De Oude,,730,,,,,,
Jandy Edipson Luik,,731,,,,,,
Jandy Luik,Z2nTDq8AAAAJ,732,,"Associate Professor, Petra Christian University, Indonesia",@petra.ac.id,Media and Communication;Creative Communication;New Media and Communication,368,https://scholar.google.com/citations?view_op=medium_photo&user=Z2nTDq8AAAAJ
Janet Van Der Veen,,733,,,,,,
Jani Rahardjo,FAPOP8oAAAAJ,734,,"Industrial Engineering, Petra Christian University, Surabaya, Indonesia",@petra.ac.id,Quality System;Process Development,515,https://scholar.google.com/citations?view_op=medium_photo&user=FAPOP8oAAAAJ
Januar Budiman,,735,,,,,,
Januar Buntoro,,736,,,,,,
Januar Heryanto,,737,,,,,,
Jean F Poillot,,738,,,,,,
Jean F. Poillot,,739,,,,,,
Jean Francois Poillot,,740,,,,,,
Jean Luc Etienne,,741,,,,,,
Jeffrey Van Dijk,,742,,,,,,
Jelle Oosterkamp,,743,,,,,,
Jenny M. Djundjung,,744,,,,,,
Jenny Magdalena Gani,,745,,,,,,
Jenny Mochtar Djundjung,,746,,,,,,
Jentje Susilo,,747,,,,,,
Jermias Marthinus Patty,,748,,,,,,
Jeroen Blanken,,749,,,,,,
Jessica Nondolesmono,,750,,,,,,
Jimmy Chandra,acwyioMAAAAJ,751,,Petra Christian University,@petra.ac.id,Structural Engineering,141,https://scholar.google.com/citations?view_op=medium_photo&user=acwyioMAAAAJ
Jimmy Nurdi Kusuma Priatman,,752,,,,,,
Jimmy Priatman,,753,,,,,,
Jintaek Seo,,754,,,,,,
Jitske Van Der Zwaag,,755,,,,,,
Joan Cane Rubies,,756,,,,,,
Job Musters,,757,,,,,,
Johan Adimarza,,758,,,,,,
Johanes Indrojono Suwono,,759,,,,,,
Johannes,,760,,,,,,
Johannes De Boer,,761,,,,,,
Johannes Kumala,,762,,,,,,
Johannes Lubi,,763,,,,,,
John G.Reinhart,,764,,,,,,
Johny Tjahjana,,765,,,,,,
Joko Lianto B,,766,,,,,,
Joko Purnomo,fZkiLdAAAAAJ,767,,"Petra Christian University, Surabaya, Indonesia",@petra.ac.id,rigid body spring model,76,https://scholar.google.com/citations?view_op=medium_photo&user=fZkiLdAAAAAJ
Jonathan Hendra Kusuma,,768,,,,,,
Jonathan R. Pagalan,,769,,,,,,
Joni Dewanto,,770,,,,,,
Jos Verhagen,,771,,,,,,
Josefa J. Mardijono,,772,,,,,,
Josefa Juniarti Madijono,,773,,,,,,
Josefa Juniarti Mardijono,,774,,,,,,
Josefa Mardijono,,775,,,,,,
Joseph Hendrata Pribadi,,776,,,,,,
Josephine,,777,,,,,,
Josua Tarigan,,778,,,,,,
"Josua Tarigan, , Cma, Csra, Cbv, Cfp",,779,,,,,,
"Josua Tarigan, Ph.D, Cma, Csra, Cbv, Cfp",-KoeN4wAAAAJ,780,,"Associate Professor, School of Business & Management, Petra Christian University",@petra.ac.id,,3726,https://scholar.google.com/citations?view_op=medium_photo&user=-KoeN4wAAAAJ
Joyce Laurens,NMmVJDcAAAAJ,781,,Petra Christian University,@peter.petra.ac.id,Architecture design;human behavior;semiotics,1182,https://scholar.google.com/citations?view_op=medium_photo&user=NMmVJDcAAAAJ
Joyce M.Laurens,,782,,,,,,
Joyce Martha Widjaya,,783,,,,,,
Joyce Yeung King Man,,784,,,,,,
Judy Djoko W. Tjahjo,,785,,,,,,
Judy Djoko Wahjono Tjahjo,,786,,,,,,
Julia Eka Rini,,787,,,,,,
Juliana Anggono,PQF8OD4AAAAJ,788,,"Associate Professor of Mechanical Engineering, Petra Christian University",@petra.ac.id,Synthesis of Ceramic Materials;Natural Fibre Composites,988,https://scholar.google.com/citations?view_op=medium_photo&user=PQF8OD4AAAAJ
Juliana Caesaria Tandung,xlsviykAAAAJ,789,,Petra Christian University - Indonesia,@petra.ac.id,Human Resource Management;Organizational Behavior;Work-Life Balance;Burnout;Cross Cultural Communication,72,https://scholar.google.com/citations?view_op=medium_photo&user=xlsviykAAAAJ
Juliana Wijaya,,790,,,,,,
Julianingsih,,791,,,,,,
Julio Andryanto,,792,,,,,,
Julistiono Handojo,,793,,,,,,
Julius Sentosa,yd281dwAAAAJ,794,,Petra Christian University,@petra.ac.id,Distribution and Installation of Electric Power;Power Quality,170,https://scholar.google.com/citations?view_op=medium_photo&user=yd281dwAAAAJ
Julius Sentosa Setiadji,,795,,,,,,
Juliuska Sahertian,,796,,,,,,
Juniarti,-30OXPwAAAAJ,797,,School of  Business and Management-Petra Christian University,@petra.ac.id,Financial Accounting;Family Ownership;GCG;Sustainability Issues,804,https://scholar.google.com/citations?view_op=medium_photo&user=-30OXPwAAAAJ
Justinus Andjarwirawan,WBIAGksAAAAJ,798,,Petra Christian University,@petra.ac.id,Computer Networks;Web Technology;Open Source Technology;Mobile Applications,601,https://scholar.google.com/citations?view_op=medium_photo&user=WBIAGksAAAAJ
Jusuf Imam Ibrahim,,799,,,,,,
K. S.Hu,,800,,,,,,
K. W. Van Der Hoek,,801,,,,,,
K. Y. Wong,,802,,,,,,
Kapten Laut Widiantoro,,803,,,,,,
Kardi Teknomo,,804,,,,,,
Karina Agustin,d31d0R4AAAAJ,805,,"Lecturer of Industrial Engineering, Petra Christian University",@petra.ac.id,data mining,41,https://scholar.google.com/citations?view_op=medium_photo&user=d31d0R4AAAAJ
Kartika Bayu Primasanti,zObDtDAAAAAJ,806,,"Lecturer of Teacher Education Department, Petra Christian University",@petra.ac.id,early childhood study;child biblical counseling,65,https://scholar.google.com/citations?view_op=medium_photo&user=zObDtDAAAAAJ
Kartika Gunadi,,807,,,,,,
Kasiyanto,,808,,,,,,
Ke Jian,,809,,,,,,
Kin Yu Wong,,810,,,,,,
Klaas Weirsma,,811,,,,,,
Koesno,,812,,,,,,
Koos Held,,813,,,,,,
Kosen T,,814,,,,,,
Kresnayana Yahya,,815,,,,,,
Krisdianto Anggijono,,816,,,,,,
Krisna Wahyudi,,817,,,,,,
Kristiana Asih Damayanti,,818,,,,,,
Kristo Radion Purba S.St,,819,,,,,,
Kriswanto Widiawan,kd4vOZMAAAAJ,820,,"Industrial Engineering Department, Petra Christian University, Surabaya",@petra.ac.id,Entrepreneurship;Innovation,118,https://scholar.google.com/citations?view_op=medium_photo&user=kd4vOZMAAAAJ
Kuo,,821,,,,,,
Kurniawan Susanto,3R2-WQYAAAAJ,822,,Petra Christian University,@petra.ac.id,Civil Engineering;High Rise Building;Computational Intelligence,0,https://scholar.google.com/citations?view_op=medium_photo&user=3R2-WQYAAAAJ
Lady Joanne Tjahyana,WQjY83oAAAAJ,823,,"Lecturer of Communication Sciences Department, Petra Christian University",@petra.ac.id,Multimedia;Design;& Communication,201,https://scholar.google.com/citations?view_op=medium_photo&user=WQjY83oAAAAJ
Laksmi Kusuma Wardani,,824,,,,,,
Lanny Herawati,,825,,,,,,
Lany Wardana,,826,,,,,,
Lasiman,,827,,,,,,
Laurent Eschenauer,,828,,,,,,
Lauw Lim Un Tung,,829,,,,,,
Lawrence Januar,,830,,,,,,
Lely B. Tedjakusuma,,831,,,,,,
Lely Tedjakusuma,,832,,,,,,
Leni Christalbella,,833,,,,,,
Leniwati Slamet,,834,,,,,,
Lenny Tendean,,835,,,,,,
Leo Indra,,836,,,,,,
Leo Irwan Sugianto,,837,,,,,,
Leo Willyanto Santoso,M_XCMAwAAAAJ,838,,Petra Chiristian University,@petra.ac.id,,1101,https://scholar.googleusercontent.com/citations?view_op=view_photo&user=M_XCMAwAAAAJ&citpid=4
Leonid Julivan Rumambi,,839,,,,,,
Lesly Tanizar,,840,,,,,,
Lestari Sugiantoro,,841,,,,,,
Li Changping,,842,,,,,,
Li Li,,843,,,,,,
Li Yuemin,,844,,,,,,
Liana Puspita,,845,,,,,,
Lianto,26mVBdUAAAAJ,846,,"Petra Christian University, Universitas Kristen Petra",@petra.ac.id,Management;Finance,20,https://scholar.google.com/citations?view_op=medium_photo&user=26mVBdUAAAAJ
Liauw Toong Tjiek,7Qrh3IkAAAAJ,847,,"Lecturer & Librarian, Petra Christian University",@petra.ac.id,Digital Libraries;Institutional Repositories;Open Access;Scholarly Communications;Research,193,https://scholar.google.com/citations?view_op=medium_photo&user=7Qrh3IkAAAAJ
Lie Arijanto,,848,,,,,,
Liejanto Wijaya,,849,,,,,,
Liem Edwin Limanto,,850,,,,,,
Liem Pei Fun,,851,,,,,,
Liem Satya Limanta,ZnvliG0AAAAJ,852,,"English Department, Petra Christian University",@petra.ac.id,Poetry;Film;Cultural Studies,234,https://scholar.google.com/citations?view_op=medium_photo&user=ZnvliG0AAAAJ
Liem Yenny Bendatu,,853,,,,,,
Liliana,,854,,,,,,
Liliana .,0piCBRQAAAAJ,855,,"Informatic Lecturer, Petra Christian University",@petra.ac.id,Teknologi Game;Computer Graphics;Computer Vision,293,https://scholar.google.com/citations?view_op=medium_photo&user=0piCBRQAAAAJ
Liliana Prajoga,,856,,,,,,
Lilianny S. Arifin,cxtPPV4AAAAJ,857,,Petra Christian University,@petra.ac.id,Architecture,169,https://scholar.google.com/citations?view_op=medium_photo&user=cxtPPV4AAAAJ
Lilianny Sigit,,858,,,,,,
Lilianny Sigit Arifin,,859,,,,,,
Liliek Soelistyo,y5t4smkAAAAJ,860,,"Department of English, Petra Christian University",@petra.ac.id,Kajian Budaya;Sastra;dan Media,0,https://scholar.google.com/citations?view_op=medium_photo&user=y5t4smkAAAAJ
Lilik Suciwati,,861,,,,,,
Lilis Agustiningsih,,862,,,,,,
Lily Eka Sari,mW_kMUAAAAAJ,863,,Petra Christian University,@petra.ac.id,Special Education;Educational Psychology;Early Childhood Education;Neuropsychology,33,https://scholar.google.com/citations?view_op=medium_photo&user=mW_kMUAAAAAJ
Lily Eka Sari S. S,,864,,,,,,
Lily Puspa Dewi,fCacnq4AAAAJ,865,,Petra Christian University,@petra.ac.id,,741,https://scholar.google.com/citations?view_op=medium_photo&user=fCacnq4AAAAJ
Lim Tjuang U,,866,,,,,,
Lim Tjuwang U,,867,,,,,,
Limboto Limantara,,868,,,,,,
Linda Bustan,dO3973AAAAAJ,869,,Petra Christian University,@petra.ac.id,Sociology of religion;Christianity;Chinese Christian,9,https://scholar.google.com/citations?view_op=medium_photo&user=dO3973AAAAAJ
Lindawati,,870,,,,,,
Lingga Suryanata,,871,,,,,,
Linggajaya Suryanata,,872,,,,,,
Lintje Siehoyono,,873,,,,,,
Lintu Tulistyantoro,379BLAUAAAAJ,874,,Petra Christian University,@petra.ac.id,desain Interior,237,https://scholar.google.com/citations?view_op=medium_photo&user=379BLAUAAAAJ
Lioeny Angkadjaja,,875,,,,,,
Lisa Linawati Utomo,,876,,,,,,
Lisa Narwastu,KFD1HY4AAAAJ,877,,Petra Christian University,@petra.ac.id,parenting;counseling;early childhood education,9,https://scholar.google.com/citations?view_op=medium_photo&user=KFD1HY4AAAAJ
Lisa Narwastu Kristsuana,,878,,,,,,
Lisa Setiawati Nugraha,,879,,,,,,
Listia,,880,,,,,,
Listia Natadjaja,u3XU8A8AAAAJ,881,,"Associate Professor of Visual Communication Design, Petra Christian University",@petra.ac.id,Packaging Design;Media and Cultural Studies;Service-Learning,113,https://scholar.google.com/citations?view_op=medium_photo&user=u3XU8A8AAAAJ
Loekito,,882,,,,,,
Lubna Algadrie,,883,,,,,,
Luciana Kristanto,,884,,,,,,
Lucky Basuki,,885,,,,,,
Lucky Basuki S. E,,886,,,,,,
Lukas Sugeng Musianto,,887,,,,,,
Luo Di,,888,,,,,,
Luri Renaningtyas,S5ONZX0AAAAJ,889,,Lecturer of Petra Christian University,@petra.ac.id,Visual Communication Design;Cultural Studies;Digital Culture;Photography;Fashion Design,96,https://scholar.google.com/citations?view_op=medium_photo&user=S5ONZX0AAAAJ
Lusy E. Puspita,,890,,,,,,
Lusy Evylia Puspita,,891,,,,,,
Lute Van Oosten,,892,,,,,,
Luz R. Gaddi,,893,,,,,,
Mo Cheng,,894,M. Cheng,,,,,
M. Isa Irawan,,895,,,,,,
M. Sholahuddin,,896,,,,,,
M. Taufan Rizqy,,897,,,,,,
M. Umar Hadi,,898,,,,,,
M.Tabrani Machmudsyah,,899,,,,,,
Made Sudarma,,900,,,,,,
Magdalena I. Kartio,,901,,,,,,
Magdalena Pranata Santoso,mge9TJgAAAAJ,902,,Petra Christian University,@petra.ac.id,Education. Sociology;Theology,138,https://scholar.google.com/citations?view_op=medium_photo&user=mge9TJgAAAAJ
Magdalena Sztych,,903,,,,,,
Maik Leenards,,904,,,,,,
Maja Indahwati,,905,,,,,,
Maja M. Pesic,,906,,,,,,
Maja Pesic,,907,,,,,,
Maki Nugroho Prihandono,,908,,,,,,
Mangaraja H,,909,,,,,,
Marc Pijffers,,910,,,,,,
Marcin Gramza,,911,,,,,,
Marcus Remiasa,,912,,,,,,
Margana,,913,,,,,,
Margono,,914,,,,,,
Maria Anityasari,,915,,,,,,
Maria Apriana,,916,,,,,,
Maria Christiani Musianto,,917,,,,,,
Maria Helena Suprapto,aVOy6SsAAAAJ,918,,Lecturer at Petra Christian University,@petra.ac.id,Smartphone Addiction;Clinical psychology;Psychotherapy;Cognitive Behavior Therapy,112,https://scholar.google.com/citations?view_op=medium_photo&user=aVOy6SsAAAAJ
Maria Immaculata Hidayatun,,919,,,,,,
Maria Nala Damajanti,,920,,,,,,
Maria Natalia Damayanti Maer,,921,,,,,,
Maria Praptiningsih,XVYlsuUAAAAJ,922,,Petra Christian University,@petra.ac.id,economics;macroeconomics;microeconomics;econometrics,178,https://scholar.google.com/citations?view_op=medium_photo&user=XVYlsuUAAAAJ
Maria S. G Poetiray,,923,,,,,,
Maria Sahertian,,924,,,,,,
Maria Suzanna G.Poetiray,,925,Maria Suzanna G Poetiray,,,,,
Maria Suzanna G. Poetiray,,926,,,,,,
Mariana Ing Malelak,teIqQJYAAAAJ,927,,Petra Christian University,@petra.ac.id,Finance,352,https://scholar.google.com/citations?view_op=medium_photo&user=teIqQJYAAAAJ
Mariana Wibowo,yqHS8foAAAAJ,928,,Lecturer Petra Christian University,@petra.ac.id,interior design;furniture design;project management;creativepreneurship,226,https://scholar.google.com/citations?view_op=medium_photo&user=yqHS8foAAAAJ
Marielle Fransen,,929,,,,,,
Marina Widyastanti,,930,,,,,,
Marissa Sabrina,,931,,,,,,
Mark Boerrigter,,932,,,,,,
Mark Melenhorst,,933,,,,,,
Markus Ignatio Aditjipto,,934,,,,,,
Markus Wasono,,935,,,,,,
Marsefio S. Luhukay,,936,,,,,,
Marselino Sudarto,,937,,,,,,
Marthy Meliana Ariyanti Jalmav,gU47Qv0AAAAJ,938,,Petra Christian University,@petra.ac.id,Pharmacoeconomy;Teknologi Farmasi,5,https://scholar.google.com/citations?view_op=medium_photo&user=gU47Qv0AAAAJ
Martien,,939,,,,,,
Martin Setiawan,,940,,,,,,
Martino Dwi Nugroho,,941,,,,,,
Martinus Suparwoto,,942,,,,,,
Marvin Ade Santoso,,943,,,,,,
Mary Liu,,944,,,,,,
Maryani Widoyo,,945,,,,,,
Mas Moeljono,,946,,,,,,
Matthijs Van Veen,,947,,,,,,
Mauridhi Herry Purnomo,,948,,,,,,
Maxwell T,,949,,,,,,
Maya Sylvia Rajasa,,950,,,,,,
Maynard Koerniadi,,951,,,,,,
Meedy Nugraha,,952,,,,,,
Mega Ekklesia Putrihadi,_H89hc8AAAAJ,953,,Petra Christian University,@petra.ac.id,Design;Art;Visual,0,https://scholar.google.com/citations?view_op=medium_photo&user=_H89hc8AAAAJ
Megawati Wahjudianata,,954,,,,,,
Meidysari Pratama Chandra,,955,,,,,,
Meilania,,956,,,,,,
Meilinda,,957,,,,,,
Meint Pops,,958,,,,,,
Meirina Kuncahyowati,,959,,,,,,
Mekenkamp,,960,,,,,,
Melinda Christanti Kwan,,961,,,,,,
Melissa Sutanto,,962,,,,,,
Mella Christa Sugoto,,963,,,,,,
Mellisa Tedjo,,964,,,,,,
Mendy H. Malkisedek,w_oMCNkAAAAJ,965,,"Lecturer of Visual Communication Design, Petra Christian university",@petra.ac.id,visual communication design;graphic design,93,https://scholar.google.com/citations?view_op=medium_photo&user=w_oMCNkAAAAJ
Mendy Hosana Malkisedek,,966,,,,,,
Menno Van Vertohauzen,,967,,,,,,
Merry Sylvia,,968,,,,,,
Methi Pieper,,969,,,,,,
Michael Adiwijaya,XVmfMt4AAAAJ,970,,"Assistan Professor of Marketing, Petra Christian University",@petra.ac.id,Marketing,699,https://scholar.google.com/citations?view_op=medium_photo&user=XVmfMt4AAAAJ
Michael Antonie Prayogo,,971,,,,,,
Michael Hu,,972,,,,,,
Michael Leichsenring,,973,,,,,,
Michael Nugroho D,,974,,,,,,
Michael Ricky,,975,,,,,,
Michael Sunarto Gordon,,976,,,,,,
Michelle Nathania Prasetio,,977,,,,,,
Michiel W. Koehorst,,978,,,,,,
Miftahul Hasanah,,979,,,,,,
Miftakhul Firdaus,,980,,,,,,
Miftakhul Firdaus S.St,,981,,,,,,
Miguel Van Der Heijden,,982,,,,,,
Milyawati Kurniawan,,983,,,,,,
Mina Sulastri Nyotowidjojo,,984,,,,,,
"Mintorogo, Danny Santoso",Blf6KCwAAAAJ,985,,Petra Christian University,@petra.ac.id,Science technology,222,https://scholar.google.com/citations?view_op=medium_photo&user=Blf6KCwAAAAJ
Miranda Bens,,986,,,,,,
Miranda Mok,,987,,,,,,
Moch Taufan Rizqi,,988,,,,,,
Moch. Taufan Rizqi,,989,,,,,,
Mochamad Heroe,,990,,,,,,
Mochammad Heroe,,991,,,,,,
Moelyono,,992,,,,,,
Mohammad Ferianto,,993,,,,,,
Monica Averina,,994,,,,,,
Monica Ida Uniati,,995,,,,,,
Monica Rusdianto,,996,,,,,,
Monica Santoso,,997,,,,,,
Moniek Kamm,,998,,,,,,
Monika Kristanti,2HdYEogAAAAJ,999,,Petra Christian University,@petra.ac.id,Hospitality management,673,https://scholar.google.com/citations?view_op=medium_photo&user=2HdYEogAAAAJ
Monika Kussetya Ciptani,,1000,,,,,,
Moses L. Singgih,,1001,,,,,,
Mr. M. L. Marc Pijffers,,1002,,,,,,
Muchamad Harly,,1003,,,,,,
Mudjiawan,,1004,,,,,,
Muhammad Faisal,,1005,,,,,,
Muhammad Raswan Orizka,,1006,,,,,,
Muliadi Tedjotjahjono,,1007,,,,,,
Muljono Husodo,,1008,,,,,,
Mulyono,,1009,,,,,,
Murtiyanto Santoso,,1010,,,,,,
Musaikan,,1011,,,,,,
Mutyadewi Subagio,,1012,,,,,,
N. Kohli,,1013,,,,,,
N.Budi Susilo,,1014,,,,,,
Nanang Krisdinanto,,1015,,,,,,
Nanang Rakhmat,,1016,,,,,,
Nani Indrajani Tjitrakusuma,GABn1IUAAAAJ,1017,,"English lecturer, Petra Christian University",@petra.ac.id,language skills and applied linguistics,39,https://scholar.google.com/citations?view_op=medium_photo&user=GABn1IUAAAAJ
Nanik Linawati,,1018,,,,,,
Nasip Prasetyo,,1019,,,,,,
Natalia Hartono,,1020,,,,,,
Natalia Tangke,,1021,,,,,,
Natalie Richardson,,1022,,,,,,
Navnit Kohli,,1023,,,,,,
Nawanto Wibowo,,1024,,,,,,
Nguyen,,1025,,,,,,
Nicholas Neng-Kung Lin,,1026,,,,,,
Nico Gunawan,,1027,,,,,,
Nico Jansen,,1028,,,,,,
Nikko Gunawan,,1029,,,,,,
Niniek Adiasih,,1030,,,,,,
Niniek Hendrawati,,1031,,,,,,
Ninuk Jonoadji,,1032,,,,,,
Nirwan Andriawan,,1033,,,,,,
Njo Anastasia,Kf2J1igAAAAJ,1034,,"Finance & Investment Program, Petra Christian University",@petra.ac.id,Property/ Business Valuation;Corporate/ Personal Finance;Financial Behaviour;Real Estate Finance,992,https://scholar.google.com/citations?view_op=medium_photo&user=Kf2J1igAAAAJ
Nono Moelyono W,,1035,Nono Moeljono W,,,,,
Nony Kezia Marchyta,pdz411sAAAAJ,1036,,"Lecturer, Petra Christian University",@petra.ac.id,Finance;Management;Entrepreneurship;Family Business,263,https://scholar.google.com/citations?view_op=medium_photo&user=pdz411sAAAAJ
Nova Sepadyati,,1037,,,,,,
"Nova Sepadyati,St.,M.Sc",g6QF95YAAAAJ,1038,,"Lecturer of Industrial Engineering, Petra Christian University",@petra.ac.id,Operations;Projects;and Supply Chain Management,29,https://scholar.google.com/citations?view_op=medium_photo&user=g6QF95YAAAAJ
Novi Firsyana,,1039,,,,,,
Nugroho,,1040,,,,,,
Nugroho Sudjiman,,1041,,,,,,
Nugroho Susilo,,1042,,,,,,
Nur Aswan Darwis,,1043,,,,,,
Nurul Aini,,1044,,,,,,
Nyoman Pudjawan,,1045,,,,,,
Nyoman Pujawan,,1046,,,,,,
O. F. Patty,,1047,,,,,,
O. T. Chin,,1048,,,,,,
Obed Bima Wicandra,RLZBnDkAAAAJ,1049,,Petra Christian University,@petra.ac.id,Street Art;Visual Culture;Sociology of Design;Aesthetics,225,https://scholar.google.com/citations?view_op=medium_photo&user=RLZBnDkAAAAJ
Oegik Soegihardjo,PZkjBwkAAAAJ,1050,,Petra Christian University,@petra.ac.id,mechanical engineering,86,https://scholar.google.com/citations?view_op=medium_photo&user=PZkjBwkAAAAJ
Oentoeng,,1051,,,,,,
Okta Putra,,1052,,,,,,
Olih Solihat Karso,,1053,,,,,,
Olivia,,1054,,,,,,
Olivia (蕭翡斐 ),bRoBjsMAAAAJ,1055,,Petra Christian University,@petra.ac.id,Chinese Language,16,https://scholar.google.com/citations?view_op=medium_photo&user=bRoBjsMAAAAJ
Olivia Tantana,,1056,,,,,,
Olivia Tantana M.Biomed,,1057,,,,,,
Olof Akkerman,,1058,,,,,,
Ong Lu Ki,MyJizXQAAAAJ,1059,,Petra Christian University,@petra.ac.id,Food Engineering;Chemical Process Engineering;Wastewater treatment;Waste Utilization,1071,https://scholar.google.com/citations?view_op=medium_photo&user=MyJizXQAAAAJ
Ong Mia F. Karsono,,1060,,,,,,
Ong Mia Farao Karsono,,1061,,,,,,
Ontoseno Penangsang,,1062,,,,,,
Oscar Peters,,1063,,,,,,
Otto Bambang Wahyudi,,1064,,,,,,
Oviliani Yenty Yuliana,xqM8eqMAAAAJ,1065,,Petra Christian University,@petra.ac.id,,550,https://scholar.google.com/citations?view_op=medium_photo&user=xqM8eqMAAAAJ
P. A. J. Veenstra,,1066,,,,,,
P. A.J Veenstra,,1067,,,,,,
P. Gogor Bangsa,,1068,,,,,,
P. J. Teguh Santoso,,1069,,,,,,
P. Oosterhof,,1070,,,,,,
Park,,1071,Pak,,,,,
Pak Hong Sik,,1072,,,,,,
Pamela Kahar,,1073,,,,,,
Pamuda Pudjisuryadi,QiMYEOoAAAAJ,1074,,"Assoc. Professor of Civil Engineering, Petra Christian University",@petra.ac.id,Structural Engineering,199,https://scholar.google.com/citations?view_op=medium_photo&user=QiMYEOoAAAAJ
Paravita Sri Wulandari,kC4gw94AAAAJ,1075,,Petra Christian University,@petra.ac.id,Geotechnical Engineering and Pavement …,407,https://scholar.google.com/citations?view_op=medium_photo&user=kC4gw94AAAAJ
Pascalis Dyas Eduard Haryanto,,1076,,,,,,
Pascalis Sadewa Setyanta,,1077,,,,,,
Patricia Taylor,,1078,,,,,,
Paul Miki Willy,,1079,,,,,,
Paula Cindy Isabella,,1080,,,,,,
Pauline Astari Singgih,,1081,,,,,,
Paulus Benny Setyawan,,1082,,,,,,
Paulus Hadi Sutanto,,1083,,,,,,
Paulus Hendrianto Soehargo,,1084,,,,,,
Paulus Nugraha,,1085,,,,,,
Peggy Lowry,,1086,,,,,,
Penny Sylvania Putri,,1087,,,,,,
Peter Boots,,1088,,,,,,
Peter De Heus,,1089,,,,,,
Peter Edwards,,1090,,,,,,
Peter Jonathan,F6UTO7cAAAAJ,1091,,Petra Christian University,@petra.ac.id,Machine Design;Robotics;Polymer Processing;Turbomachinery;Computational Fluid Dynamics,6,https://scholar.google.com/citations?view_op=medium_photo&user=F6UTO7cAAAAJ
Peter Remy Yosy Pasla,,1092,,,,,,
Peter Stikker,,1093,,,,,,
Peter Ten Cate,,1094,,,,,,
Petrus Gogor Bangsa,,1095,,,,,,
Petrus Santoso,lQGtRLMAAAAJ,1096,,Petra Christian University,@petra.ac.id,Telematics;Robotics;Network Security,182,https://scholar.google.com/citations?view_op=medium_photo&user=lQGtRLMAAAAJ
Philberto Eka Sanchia,,1097,,,,,,
Philip,,1098,,,,,,
Philip Kristanto Tedjasaputra,,1099,,,,,,
Philippe Bichon,,1100,,,,,,
Philipus Kardi Teknomo,,1101,,,,,,
Pieter Oosterhof,,1102,Pieter Oesterhof,,,,,
Po Seng Kian,,1103,,,,,,
Po-Chien Hsiao,,1104,,,,,,
Poppy Firtatwentyna Nilasari,,1105,,,,,,
Pradhono,,1106,,,,,,
Pradono,,1107,,,,,,
Prasato Satwiko,,1108,,,,,,
Prasetio Sudjarwo,,1109,,,,,,
Pratiwi Anjarsari,,1110,,,,,,
Prayanto W. H,,1111,,,,,,
Prayanto Widyo Harsanto,,1112,,,,,,
Prayanto Widyo Harsanto M.Sn,,1113,,,,,,
Prayonne Adi,5za9QEAAAAAJ,1114,,"Lecturer of Industrial Engineering Department, Petra Christian University",@petra.ac.id,Industrial Engineering,58,https://scholar.google.com/citations?view_op=medium_photo&user=5za9QEAAAAAJ
Predeep N.Nair,,1115,,,,,,
Pricillia Chandra,uoV1WrAAAAAJ,1116,,Petra Christian University,@alumni.petra.ac.id,media representation;feminism,0,https://scholar.google.com/citations?view_op=medium_photo&user=uoV1WrAAAAAJ
Prida Ariani Ambar Astuti,,1117,,,,,,
Primus Widya Prabandono,,1118,,,,,,
Priska Febrinia,,1119,,,,,,
Priska Febrinia Handojo,,1120,,,,,,
Priskila,,1121,,,,,,
Priskila Adiasih,YigxyHoAAAAJ,1122,,"Accounting Department, Petra Christian University",@petra.ac.id,EM;CSR,172,https://scholar.google.com/citations?view_op=medium_photo&user=YigxyHoAAAAJ
"Prof. Dr. Eddy M. Sutanto, M.Sc.",qdcn_KgAAAAJ,1123,,Petra Christian University,@petra.ac.id,People Management;OB;Managing Diversity;Family Business,0,https://scholar.google.com/citations?view_op=medium_photo&user=qdcn_KgAAAAJ
"Prof. Dr. Eddy Madiono Sutanto, M.Sc.",luUjz1sAAAAJ,1124,,"Department of Business Management, Petra Christian University, Indonesia",@petra.ac.id,Strategic HRM;Entrepreneurial Leadership;Managing Diversity,2815,https://scholar.google.com/citations?view_op=medium_photo&user=luUjz1sAAAAJ
Pui Cheng,,1125,,,,,,
Puji Sulistyorini,,1126,,,,,,
Purnama Esa Dora Tedjokoesoemo,pK6l2pUAAAAJ,1127,,Petra Christian University,@petra.ac.id,interior design;green design;indoor air quality;healthy building;participatory design,230,https://scholar.google.com/citations?view_op=medium_photo&user=pK6l2pUAAAAJ
Pwee Leng,,1128,,,,,,
Qin Lin,,1129,,,,,,
Quintin Gilbert,,1130,,,,,,
R. Dobber,,1131,,,,,,
R. Indiarto,,1132,,,,,,
R. Joedo Asmoro,,1133,,,,,,
R. Otto Bambang Wahjudi,,1134,,,,,,
R. R. Retno Ardianti,,1135,,,,,,
R. Sucipto M,,1136,,,,,,
R.Arja Angka Asa Aras Adji S,,1137,,,,,,
Rachmat Purwono,,1138,,,,,,
Rachmat Sugianto,,1139,,,,,,
Rafayel Avetyan,,1140,,,,,,
Rahardjo,,1141,,,,,,
Rahardjo Tirtoatmodjo,,1142,,,,,,
Rahjoe Poerbanti,,1143,,,,,,
Raimond Calis,,1144,,,,,,
Ratih Indriyani,dEWazPIAAAAJ,1145,,Petra Christian University,@petra.ac.id,business management,978,https://scholar.google.com/citations?view_op=medium_photo&user=dEWazPIAAAAJ
Ratna Karuna,145aYdkAAAAJ,1146,,"Petra Christian University, Surabaya, Indonesia",@petra.ac.id,drug development;analytical chemistry;DMPK;preclinical/GLP;biopharmaceuticals,1301,https://scholar.google.com/citations?view_op=medium_photo&user=145aYdkAAAAJ
Ratna S. Alifen,,1147,,,,,,
Raymond Sutjiadi,,1148,,,,,,
Rebecca Milka Natalia Basuki,,1149,,,,,,
Regina Jokom,QVDB_WgAAAAJ,1150,,Petra Christian University,@petra.ac.id,Hospitality Management,593,https://scholar.google.com/citations?view_op=medium_photo&user=QVDB_WgAAAAJ
Reiza Eka,,1151,,,,,,
Remoo Dobber,,1152,,,,,,
Rendi,,1153,,,,,,
Rene Van Den Driesche,,1154,,,,,,
Rene Van Der Linden,,1155,,,,,,
Rene W. H. Van Der Linden,,1156,,,,,,
Renny Indrawati,3A2UnqIAAAAJ,1157,,Petra Christian University,@petra.ac.id,food technology;functional food;natural pigments;microbiology,608,https://scholar.google.com/citations?view_op=medium_photo&user=3A2UnqIAAAAJ
Rer.Nat. Surya Hermawan,,1158,,,,,,
Resmana Lim,uKjxL-4AAAAJ,1159,,Petra Christian University,@petra.ac.id,telematics;computer vision;machine learning;cyber infrastucture;digital repositories,808,https://scholar.google.com/citations?view_op=medium_photo&user=uKjxL-4AAAAJ
Retnaningtyas Widuri,,1160,,,,,,
Retno Ardianti,ojtPGUoAAAAJ,1161,,"Faculty of Business and Economics, Petra Christian University",@petra.ac.id,Entrepreneurship,288,https://scholar.google.com/citations?view_op=medium_photo&user=ojtPGUoAAAAJ
Retnoastuti,,1162,,,,,,
Reyhan Iskandar,XgbiIbMAAAAJ,1163,,"Petra Christian University, Institut Teknologi Sepuluh Nopember",@alumni.petra.ac.id,Manufacturing process,0,https://scholar.google.com/citations?view_op=medium_photo&user=XgbiIbMAAAAJ
Rianto B. Adihardjo,,1164,,,,,,
Ribut Basuki,y1WL5H8AAAAJ,1165,,"English Department, Petra Christian University",@petra.ac.id,Drama;Theatre;Film;Cultural Studies,459,https://scholar.google.com/citations?view_op=medium_photo&user=y1WL5H8AAAAJ
Richard Leow,,1166,,,,,,
Richard Napitupulu,,1167,,,,,,
Richard Teillers,,1168,,,,,,
Richard Von Llewelyn,,1169,,,,,,
Ricky Sudarsono,,1170,,,,,,
Ricky Wang,,1171,,,,,,
Ridhotama Shanti Darsih Ottemoesoe,PpEocSIAAAAJ,1172,,Lecturer at Petra Christian University,@petra.ac.id,Regional banking;Financial Economics,34,https://scholar.google.com/citations?view_op=medium_photo&user=PpEocSIAAAAJ
Riduan Sukardi,,1173,,,,,,
Ridwan Halim,,1174,,,,,,
Rijal Ilhami,,1175,,,,,,
Rika Febriani,e0fpFhEAAAAJ,1176,,"Visual Communication Design Department, Petra Christian University",@petra.ac.id,Graphic Design;Fashion Design;Social Campaign;Book Design;Interactive-Educational Media Design,130,https://scholar.google.com/citations?view_op=medium_photo&user=e0fpFhEAAAAJ
Rikky Prima,,1177,,,,,,
Rina Fatmawati,,1178,,,,,,
Riny Medyaningtyas,,1179,,,,,,
Ritzky Karinamegahrosa Brahmana S. E,,1180,,,,,,
Riyatik,,1181,,,,,,
Riza Yosia Sunindijo,,1182,,,,,,
Rizky Pasca Fitriansyah,,1183,,,,,,
Rob Berkhof,,1184,,,,,,
Rob Maas,,1185,,,,,,
Rob Van Vuuren,,1186,,,,,,
Robert Setio,,1187,,,,,,
Roche Alimin,eWb4hs0AAAAJ,1188,,"Lecturer of Mechanical Engineering, Petra Christian University",@petra.ac.id,robotic,58,https://scholar.google.com/citations?view_op=medium_photo&user=eWb4hs0AAAAJ
Roekhudin,,1189,,,,,,
Rofiul Iksan,,1190,,,,,,
Rolly Intan,SxWNSSoAAAAJ,1191,,Petra Christian University,@petra.ac.id,Soft Computing;Fuzzy Sets;Rough Sets;Granular Computing,841,https://scholar.google.com/citations?view_op=medium_photo&user=SxWNSSoAAAAJ
Romirio Torang Purba,,1192,,,,,,
Ronald E. Stock,,1193,,,,,,
Ronald H. I. S,,1194,,,,,,
Ronald H. I. Sitindjak,,1195,,,,,,
Ronald Hasudungan Irianto Sitindjak,3XDlZdAAAAAJ,1196,,Petra Christian University,@petra.ac.id,Interior Design;House;Vernacular;Ornaments,191,https://scholar.google.com/citations?view_op=medium_photo&user=3XDlZdAAAAAJ
Roni Anggoro,,1197,,,,,,
Ronny Go,,1198,,,,,,
Ronny Herowind Mustamu,,1199,,,,,,
Rony Gunawan,,1200,,,,,,
Roopali Gupta,,1201,,,,,,
Roth Sugianto,,1202,,,,,,
Roy Setiawan,,1203,,,,,,
Rr. Rooswanti Putri A. A,,1204,,,,,,
Rr.Rooswanti Putri A. A,,1205,,,,,,
Ruben Adicahya,1ST3-ooAAAAJ,1206,,"Program Studi Teknik Sipil, Petra Christian University",@petra.ac.id,Rekayasa Struktur,0,https://scholar.google.com/citations?view_op=medium_photo&user=1ST3-ooAAAAJ
Rudi Irawanto,,1207,,,,,,
Rudolph Enrique Wilson,,1208,,,,,,
Rudy Adipranata,Niw1SQ0AAAAJ,1209,,"Informatics Department, Petra Christian University",@petra.ac.id,Digital Image Processing;Computer Vision;Business Information System,586,https://scholar.google.com/citations?view_op=medium_photo&user=Niw1SQ0AAAAJ
Rudy Prasatya Lilananda,,1210,,,,,,
Rudy Setiawan,bIVvdEMAAAAJ,1211,,Petra Christian University,@petra.ac.id,Traffic Engineering and Transportation …,1910,https://scholar.google.com/citations?view_op=medium_photo&user=bIVvdEMAAAAJ
Rudyjanto Tedjo,,1212,,,,,,
Rully Damayanti,8hhoPOcAAAAJ,1213,,"Petra Christian University, Surabaya",@petra.ac.id,architecture;urbanism;urban design,326,https://scholar.google.com/citations?view_op=medium_photo&user=8hhoPOcAAAAJ
Rully Soelaiman,,1214,,,,,,
Ruslan Djajadi,,1215,,,,,,
Ruth Srininta Tarigan,IBVUnYEAAAAJ,1216,,Petra Christian University,@petra.ac.id,Information System;Economics,33,https://scholar.google.com/citations?view_op=medium_photo&user=IBVUnYEAAAAJ
Ruud Boersma,,1217,,,,,,
Ryan Pratama Sutanto,sZ3VcpoAAAAJ,1218,,"Senior Lecturer, Petra Christian University, Visual Communication Design Department",@petra.ac.id,Graphic design;user interface;user experience,352,https://scholar.google.com/citations?view_op=medium_photo&user=sZ3VcpoAAAAJ
S. A. Gehrels,,1219,,,,,,
S. G. Ferryanto,,1220,,,,,,
S. K. Roy,,1221,,,,,,
S. Y. Tang-Pang,,1222,,,,,,
Saarce Elsye Hatane,kKnF37QAAAAJ,1223,,Accounting Lecturer of Petra Christian University,@petra.ac.id,Managerial Accounting;Financial Accounting;Financial Management,1840,https://scholar.google.com/citations?view_op=medium_photo&user=kKnF37QAAAAJ
Sadjiman,,1224,,,,,,
Saiful,,1225,,,,,,
Salil Kumar Roy,,1226,,,,,,
Sally Azaria,2r3LhRQAAAAJ,1227,,Lecturer at Petra Christian University,@petra.ac.id,identity;parenting;chinese-indonesian;multicultural;change management,8,https://scholar.google.com/citations?view_op=medium_photo&user=2r3LhRQAAAAJ
Sally Suhonggo,,1228,,,,,,
Samekto Hartojo,,1229,,,,,,
Samsudin,,1230,,,,,,
Samuel Gunawan,X7y8GO8AAAAJ,1231,,"Professor of English, Petra Christian University",@petra.ac.id,Rhetoric and Communication Arts;Linguistics;English,99,https://scholar.google.com/citations?view_op=medium_photo&user=X7y8GO8AAAAJ
Samuel Hartono,,1232,,,,,,
Sandra Hogervorst,,1233,,,,,,
Sandra Loekita,,1234,,,,,,
Sandy Citro,,1235,,,,,,
Santiko Budi,,1236,,,,,,
Sany,,1237,,,,,,
Sany Se Mscis,,1238,,,,,,
Sany Se Mscis Ph.D.,e10aeusAAAAJ,1239,,Petra Christian University,@petra.ac.id,management accounting,56,https://scholar.google.com/citations?view_op=medium_photo&user=e10aeusAAAAJ
Sarah Limuil,,1240,,,,,,
Sarah Prasasti,,1241,,,,,,
Sardius Kuntjara,,1242,,,,,,
Sariyo,,1243,,,,,,
Saskia Flisijn,,1244,,,,,,
Sastra Budiharja Santoso,,1245,,,,,,
Sautma Ronni Basana,WP8hGIUAAAAJ,1246,,Universitas Kristen Petra (Petra Christian University),@petra.ac.id,Manajemen;Manajemen Keuangan,1074,https://scholar.google.com/citations?view_op=medium_photo&user=WP8hGIUAAAAJ
Schriek,,1247,,,,,,
Sentosa Limanto,,1248,,,,,,
Sentot Harman Glendoh,,1249,,,,,,
Seo Jin Taek,,1250,,,,,,
Septiana Dewi,,1251,,,,,,
Serli Wijaya,lrIy1ZoAAAAJ,1252,,"Associate Professor, School of Business and Management, Petra Christian University …",@petra.ac.id,Hospitality & Tourism Marketing;Consumer Behaviour;Special Interest Tourism;Services Marketing,1582,https://scholar.google.com/citations?view_op=medium_photo&user=lrIy1ZoAAAAJ
Sesilya Kempa,h0Bn9ww7lO4C,1253,,Petra Christian University,@petra.ac.id,Entrepreneurship;Marketing,682,https://scholar.google.com/citations?view_op=medium_photo&user=h0Bn9ww7lO4C
Setefanus Suprajitno,QYRpog4AAAAJ,1254,,Petra Christian University,@petra.ac.id,,68,https://scholar.google.com/citations?view_op=medium_photo&user=QYRpog4AAAAJ
Setia Wanto,,1255,,,,,,
Setiawan Wiweko Lopito,,1256,,,,,,
Seto Ambara,,1257,,,,,,
Setyarini Santosa,,1258,,,,,,
Setyawati,,1259,,,,,,
Setyo Nugrowibowo,,1260,,,,,,
Shanti Kasmaji,,1261,,,,,,
Shelly Gunavati Wardoyo,,1262,,,,,,
Shelly Hartono,,1263,,,,,,
Sherlly Kosasih,,1264,,,,,,
Sherly De Yong,,1265,,,,,,
Sherly R. Tanoto,fwB4f_AAAAAJ,1266,,"School of Busines and Management, Petra Christian University",@petra.ac.id,Organisational Behaviour;Human Resource Management,213,https://scholar.google.com/citations?view_op=medium_photo&user=fwB4f_AAAAAJ
Sherly Tanoto,,1267,,,,,,
Shierly Novalita Yappy,,1268,,,,,,
Shu,,1269,,,,,,
Shu-San Gan,JfjX95IAAAAJ,1270,,Petra Christian University,@peter.petra.ac.id,supply chain;remanufacturing;pricing,678,https://scholar.google.com/citations?view_op=medium_photo&user=JfjX95IAAAAJ
Sia Khaij Tjwan,,1271,,,,,,
Siana Halim,_x5qJd4AAAAJ,1272,,Universitas Kristen Petra,@petra.ac.id,Mathematics;Industrial Engineering,694,
Sidniwati,,1273,,,,,,
Sienny Thio,,1274,,,,,,
Silvia Rostianingsih,timN0XcAAAAJ,1275,,Universitas Kristen Petra,@petra.ac.id,Sistem Informasi,579,https://scholar.googleusercontent.com/citations?view_op=view_photo&user=timN0XcAAAAJ&citpid=1
Simon Filantropha,,1276,,,,,,
Singgih Mardianto Soephomo,,1277,,,,,,
Singgih Sugianto,,1278,,,,,,
Siok Ping,,1279,,,,,,
Sirikit Syah,,1280,,,,,,
Siska Amonalisa Silalahi S. E,,1281,,,,,,
Sita Pagalan,,1282,,,,,,
Siu Yee Tang-Pang,,1283,,,,,,
Sjoerd A Gehrels,,1284,,,,,,
Slamet Mulyono,,1285,,,,,,
Soebagio,,1286,,,,,,
Soebianto Tjandrawibowo,,1287,,,,,,
Soedarto,,1288,,,,,,
Soedjono Abipraja,,1289,,,,,,
Soegiono Muridjal Azasi,,1290,,,,,,
Soegiono Sugiharto,,1291,,,,,,
Soeharijadi,,1292,,,,,,
Soeharto,,1293,,,,,,
Soehartono Irawan,,1294,,,,,,
Soehendro Ratnawidjaja,,1295,,,,,,
Soejono Tjitro,,1296,,,,,,
Soekarno,,1297,,,,,,
Soemadi,,1298,,,,,,
Soenartomo Soepomo,,1299,,,,,,
Soenyoto Yudho Bhaskoro,,1300,,,,,,
Soepono Sasongko,,1301,,,,,,
Soeprajitno,,1302,,,,,,
Soesatijono,,1303,,,,,,
Soetikno,,1304,,,,,,
Soetojo Darsosentono,,1305,,,,,,
Soetrisno,,1306,,,,,,
Sojin Kim,,1307,,,,,,
Song,,1308,,,,,,
Song Bal Geum,,1309,,,,,,
Sophia Novita Angkadjaja,,1310,,,,,,
Sri Maharsi,,1311,,,,,,
Sri Moerdijati,,1312,,,,,,
Sri Soegandini,,1313,,,,,,
Sri Suryatin,,1314,,,,,,
Sri Torini,,1315,,,,,,
Sriti Mayang Sari,,1316,,,,,,
Sritomo Wignjosoebroto,,1317,,,,,,
Stan Abeln,,1318,,,,,,
Stanislaus Kuntjoro Santoso,,1319,,,,,,
Stanley Surya Jaya,,1320,,,,,,
Stefan Hoevenaar,,1321,,,,,,
Stefan Lens,,1322,,,,,,
Stefan Weijers,,1323,,,,,,
Stefanny Irawan,o9l0nB8AAAAJ,1324,,Petra Christian University,@petra.ac.id,Theatre and performance;Drama;Arts management;Creative writing,6,https://scholar.google.com/citations?view_op=medium_photo&user=o9l0nB8AAAAJ
Stefanus Laga Tukan,,1325,,,,,,
Stefanus Ongkodjojo,,1326,,,,,,
Stefanus Suprayitno,,1327,,,,,,
Steffi Thanissa Halim,,1328,,,,,,
Steffie Iskandar,,1329,,,,,,
Stephanie M. Frans,,1330,,,,,,
Stephanie Melinda Frans,,1331,,,,,,
Stephanie Pascalita,,1332,,,,,,
Stephanus A. Ananda,,1333,,,,,,
Stephanus Antonius Ananda,YUTXWNUAAAAJ,1334,,Informatics Engineering - Petra Christian University,@petra.ac.id,Multi-Agent System (AI & IoT);SmartGrid;Protective Relaying;HV Technology;Electric Machinery,75,https://scholar.google.com/citations?view_op=medium_photo&user=YUTXWNUAAAAJ
Stephanus P. Honggowidjaja,,1335,,,,,,
Stephanus Setiadi,,1336,,,,,,
Stephanus Wirawan Dharmatanna,gKsVLK4AAAAJ,1337,,Lecturer Petra Christian University,@petra.ac.id,Energy Efficiency;Kinetic Facade;Building Information Modeling;Critical Regionalism,44,https://scholar.google.com/citations?view_op=medium_photo&user=gKsVLK4AAAAJ
Stephanus Yuli Susetyo,,1338,,,,,,
Stephanus Yulianto,,1339,,,,,,
Stephen O. Ogunlana,,1340,,,,,,
Stevanus Adrianto Tjandra,,1341,,,,,,
Stevanus Arie Nugroho,,1342,,,,,,
Steven Houtbraken,,1343,,,,,,
Subagio,,1344,,,,,,
Subandi,,1345,,,,,,
Subandi Djajengwasito,,1346,,,,,,
Subandi M T,,1347,,,,,,
Subianto Tjandrawibawa,,1348,,,,,,
Suci Cintani,,1349,,,,,,
Sudibjo,,1350,,,,,,
Sudono Panjaya,,1351,,,,,,
Sufiana,,1352,,,,,,
Sugeng Hariadi,,1353,,,,,,
Sugeng Setyawan,,1354,,,,,,
Sugi Hartono,,1355,,,,,,
Sugianto Halim,,1356,,,,,,
Sugie Prawono,,1357,,,,,,
Sugiharto Adhi Cahyono,,1358,,,,,,
Sugiono Sugiarto,,1359,,,,,,
Sugiono Sugiharto,,1360,,,,,,
Sugiyono Ardjaka,,1361,,,,,,
Suhardjono,,1362,,,,,,
Sujono Poetrodjojo,,1363,,,,,,
Sukanto Tedjokusuma,,1364,,,,,,
Sukemi,,1365,,,,,,
Sulistyosari,,1366,,,,,,
Sumarjan,,1367,,,,,,
Sumartono,,1368,,,,,,
Sunarto,,1369,,,,,,
Sundring Pantja Djati,,1370,,,,,,
Sunu Prihantono,,1371,,,,,,
Supeno Djanali,,1372,,,,,,
Supriyanto,,1373,,,,,,
Surya Ageng Pradita,,1374,,,,,,
Suryanto,,1375,,,,,,
Susilo Matair,,1376,,,,,,
Sutoto Yakobus,,1377,,,,,,
Sutrisno,,1378,,,,,,
Suwandi Sugondo,,1379,,,,,,
Suwati,,1380,,,,,,
Suwati Hudoyo,,1381,,,,,,
Syanne Helly,,1382,,,,,,
Syariffuddin M,,1383,,,,,,
Syirikit Syah,,1384,,,,,,
Sylvia Rosiana Prasetyo,,1385,,,,,,
Sylvia Salim,,1386,,,,,,
Sylviana Putri Sunario Soegondo,,1387,,,,,,
T. Tai,,1388,,,,,,
Takim Andriono,,1389,,,,,,
Tan Chee Hong,,1390,,,,,,
Tanti Octavia,q8wuJbgAAAAJ,1391,,petra christian university,@petra.ac.id,,402,https://scholar.google.com/citations?view_op=medium_photo&user=q8wuJbgAAAAJ
Tatiana Alekseeva,,1392,,,,,,
Taufik Hidayat,,1393,,,,,,
Tekin Yilmaz,,1394,,,,,,
Teng Hoo Tiong,,1395,,,,,,
Teng Sutrisno,WPN6RBwAAAAJ,1396,,Lecturer @ Mechanical Engineering-Petra Christian University,@petra.ac.id,Energy;Thermofluid;Turbomachinery,161,https://scholar.google.com/citations?view_op=medium_photo&user=WPN6RBwAAAAJ
Teresa M. W,,1397,,,,,,
Tessa Vanina Soetanto,,1398,,,,,,
Tham Kam Hong,,1399,,,,,,
Thea Burggraaf,,1400,,,,,,
Theophilus J. Riyanto,A4sme4cAAAAJ,1401,,"English Lecturer, Petra Christian University, Surabaya, Indonesia",@petra.ac.id,Literature and Culture,27,https://scholar.google.com/citations?view_op=medium_photo&user=A4sme4cAAAAJ
Theophilus Jokri,,1402,,,,,,
Theresia Lestiowati,,1403,,,,,,
Thiang,,1404,,,,,,
Thiang .,YtozS_AAAAAJ,1405,,Petra Christian University,@petra.ac.id,Automation;Robotics;Control System;Artificial Intelligence,201,https://scholar.google.com/citations?view_op=medium_photo&user=YtozS_AAAAAJ
Thijs Leurs,,1406,,,,,,
Thomas Andre De La Porte,,1407,,,,,,
Thomas Ari Kristianto,,1408,,,,,,
Thomas E. Van Der Veen,,1409,,,,,,
Thomas Raynov,,1410,,,,,,
Thomas Santoso,,1411,,,,,,
Thomas Stefanus Kaihatu,,1412,,,,,,
Thomas Tai,,1413,,,,,,
Tidak Diketahui,,1414,,,,,,
Tikno Subur Soebianto,,1415,,,,,,
Tim P. Roosen,,1416,,,,,,
Tim Roosen,,1417,,,,,,
Tim Van Hassel,,1418,,,,,,
Timoticin Kwanda,SL3191UAAAAJ,1419,,Petra Christian University,@petra.ac.id,architectural conservation,418,https://scholar.google.com/citations?view_op=medium_photo&user=SL3191UAAAAJ
Timotius Zainal Arifin,,1420,,,,,,
Tio Sally P. Suhonggo,,1421,,,,,,
Tio Sally Puspasari,,1422,,,,,,
Tirsa Endeli Tumbelaka,,1423,,,,,,
Tirta Djusman Arief,,1424,,,,,,
Titi Nur Vidyarini,,1425,,,,,,
"Titi Nur Vidyarini S.Sos., M.Comms",,1426,,,,,,
"Titi Nur Vidyarini S.Sos., M.Comms.",JGbjsEwAAAAJ,1427,,"Lecturer of Communication Science, Petra Christian University",@petra.ac.id,Intercultural Communication;Public Relations;Health Communication,208,https://scholar.google.com/citations?view_op=medium_photo&user=JGbjsEwAAAAJ
Titien Nursetyawati,,1428,,,,,,
Titien Wahono,,1429,,,,,,
Togar Wiliater Soaloon Panjaitan,,1430,,,,,,
Tom Parry,,1431,,,,,,
Tom Peperkamp,,1432,,,,,,
Tomy Suhartojo,,1433,,,,,,
Toni Masdiono,,1434,,,,,,
Toni Nurkhalam,,1435,,,,,,
Tonny Leonard,,1436,,,,,,
Tonny Stephanus Eoh,,1437,,,,,,
Totok Priyoleksono,,1438,,,,,,
Triningsih L,,1439,,,,,,
Triningsih Lilinanda,,1440,,,,,,
Trixie Nova Bella Tandijaya,,1441,,,,,,
Unknown Old Contributor Data,,1442,,,,,,
Unti Ludigdo,,1443,,,,,,
Upik Rubiyanti S. Sos,,1444,,,,,,
Usman Effendi Pakpahan,,1445,,,,,,
Utami Prasetiawati,,1446,,,,,,
V. Henky Supit,,1447,,,,,,
V. P. Nugroho Susilo,,1448,,,,,,
V. Suprayitno,,1449,,,,,,
Van Der Hoek,,1450,,,,,,
Van Veugen,,1451,,,,,,
Vanessa Yusuf,,1452,,,,,,
Vellycia Njoko,BnA627AAAAAJ,1453,,"Assistant Lecturer, Petra Christian University",@petra.ac.id,Communication Science;Mass Media,7,https://scholar.google.com/citations?view_op=medium_photo&user=BnA627AAAAAJ
Ventje Jansen,,1454,,,,,,
Vera Kristian,,1455,,,,,,
Veronika Irene,,1456,,,,,,
Vicky Ronald Aristika,,1457,,,,,,
Victor Rizal Palapessy,,1458,,,,,,
Victor Y. Risonarta,,1459,,,,,,
Vido Iskandar,7FcA5H4AAAAJ,1460,,"Assistant Professor, Petra Christian University",@petra.ac.id,Hospitality;Management;Human Resource Management,157,https://scholar.google.com/citations?view_op=medium_photo&user=7FcA5H4AAAAJ
Vincent Prasetyo,,1461,,,,,,
Virgorina Suzana Ndoen,,1462,,,,,,
Vita Monica,,1463,,,,,,
Vivi Anggraini,,1464,,,,,,
Vivi Darmalim,,1465,,,,,,
Vivi Hendry,,1466,,,,,,
Vivian Graciela Chertian,3bis8a0AAAAJ,1467,,"English Department, Petra Christian University",@petra.ac.id,English language;discourse;media;representation;Chinese Indonesian studies,8,https://scholar.google.com/citations?view_op=medium_photo&user=3bis8a0AAAAJ
Vladimir Kabzar,,1468,,,,,,
Vyrna Santoso,,1469,,,,,,
W. Gunawan,,1470,,,,,,
Wagiman,,1471,,,,,,
Wajan Berata,,1472,,,,,,
Wana Sedayu,,1473,,,,,,
Wanda Chrisiana,,1474,,,,,,
Wanda K,,1475,,,,,,
Wanda K Widigdo C,CvpyWrMAAAAJ,1476,,Petra Christian University,@petra.ac.id,architectur;eco-architecture;environment;sustainable architecture,129,https://scholar.google.com/citations?view_op=medium_photo&user=CvpyWrMAAAAJ
Wanda Widigdo Canadarma,,1477,,,,,,
Wang Miaoyuan,,1478,,,,,,
Wang Qiang,,1479,,,,,,
Wang Sutrisno,,1480,,,,,,
Waryo Yuliono,,1481,,,,,,
Wasis Sastroredjo,,1482,,,,,,
Wasis Soebarniati,,1483,,,,,,
Wibowo,,1484,,,,,,
Wibowo Gunawan,,1485,,,,,,
Widartoyo,,1486,,,,,,
Widi Hidayat,,1487,,,,,,
Widijanti,,1488,,,,,,
Widjojo Suprapto,mt1jeD0AAAAJ,1489,,"Lecturer of Business Management, Petra Christian University",@petra.ac.id,strategic management;family business;hospitality and tourism;supply chain management,483,https://scholar.google.com/citations?view_op=medium_photo&user=mt1jeD0AAAAJ
Widyanti T,,1490,,,,,,
Widyanti Wibowo,,1491,,,,,,
Wiet S. Moniaga,,1492,,,,,,
Wijono Liman,,1493,,,,,,
Wilhelmina Darmirah,,1494,,,,,,
William Limadjaja,,1495,,,,,,
William Limandjaja,,1496,,,,,,
William Sutanto,,1497,,,,,,
William Vijadhammo L,,1498,,,,,,
Willy Husada,qwMqHqMAAAAJ,1499,,"Lecturer of Civil Engineering, Petra Christian University",@petra.ac.id,Artificial Intelligence;Data Mining;Construction Management;Civil Engineering;Reliability,7,https://scholar.google.com/citations?view_op=medium_photo&user=qwMqHqMAAAAJ
Willyam Jonathan,,1500,,,,,,
Willyanto,,1501,,,,,,
Willyanto Anggono,bko20fsAAAAJ,1502,,Petra Christian University,@petra.ac.id,Mechanical engineering;sustainable energy;combustion,719,https://scholar.google.com/citations?view_op=medium_photo&user=bko20fsAAAAJ
Wilma Laura Sahetapy,,1503,,,,,,
Wilson Hendrata,,1504,,,,,,
Winai Wongsurawat,,1505,,,,,,
Winner Juhara,,1506,,,,,,
Wirenohadi Soeprapto,,1507,,,,,,
Wolly Baktiono,,1508,,,,,,
Wong Foek Tjong,anHPSV0AAAAJ,1509,,"Associate Professor of Civil Engineering, Petra Christian University, Indonesia",@petra.ac.id,finite element methods;mesh-free methods;computational solid mechanics;plates and shells,324,https://scholar.google.com/citations?view_op=medium_photo&user=anHPSV0AAAAJ
Xie Luyan,,1510,,,,,,
Xu Wu,,1511,,,,,,
Y. T. Teddy Susanto,,1512,,,,,,
Y. T.Teddy Susanto,,1513,,,,,,
Ya Ching Chou,,1514,,,,,,
Yacintha Yoranouw Suryawijaya,,1515,,,,,,
Yan Pieter Chandra,,1516,,,,,,
Yanuar Santosa,,1517,,,,,,
Yawan Kristianto,,1518,,,,,,
Yedong Tu,,1519,,,,,,
Yeheskiel M. Tiranda,,1520,,,,,,
Yehezkiel Tiranda,,1521,,,,,,
Yekti Herlina,,1522,,,,,,
Yen Yen Liu,,1523,,,,,,
Yenni Mangoting,,1524,,,,,,
Yenny Tandiono,,1525,,,,,,
Yeremia Tulude Ambat,UWeeJPIAAAAJ,1526,,Petra Christian University,@petra.ac.id,Communication Science;Cultural Studies,3,https://scholar.google.com/citations?view_op=medium_photo&user=UWeeJPIAAAAJ
Yeun Wing Wu,,1527,,,,,,
Yifeng Wang,,1528,,,,,,
Yikai Wu,,1529,,,,,,
Yivan Zhou,,1530,,,,,,
Yoel Wibowo,kKmqB3sAAAAJ,1531,,Petra Christian University,@petra.ac.id,organization;leadership;education,33,https://scholar.google.com/citations?view_op=medium_photo&user=kKmqB3sAAAAJ
Yohan Gunawan Henuk,,1532,,,,,,
Yohan Santoso,,1533,,,,,,
Yohana Kartika Putri,,1534,,,,,,
Yohanes Andrian,,1535,,,,,,
Yohanes Kurniawan,,1536,,,,,,
Yohanes Moeljadi Pranata,,1537,,,,,,
Yohanes Sondang Kunto,SlpM3-wAAAAJ,1538,,Petra Christian University,@petra.ac.id,Applied Econometrics;Food Consumption;Consumer Behaviour,290,https://scholar.google.com/citations?view_op=medium_photo&user=SlpM3-wAAAAJ
Yohanes Stephanus,,1539,,,,,,
Yohanes T. D. S,,1540,,,,,,
Yohanes Trilaksono Dibyo S,,1541,,,,,,
Yohnson,,1542,,,,,,
Yola Damayanti Gani,,1543,,,,,,
Yonatan Limpo,,1544,,,,,,
Yonathan Palumian,fh32y3AAAAAJ,1545,,Petra Christian University,@petra.ac.id,Management;Business Analytics;Management Information System,127,https://scholar.google.com/citations?view_op=medium_photo&user=fh32y3AAAAAJ
Yonathan Santoso,,1546,,,,,,
Yopi Yusuf Tanoto,7Onha88AAAAJ,1547,,"Lecturer of Mechanical Engineering, Petra Christian University",@petra.ac.id,Composite material;product design;rapid prototyping;manufacturing and remanufacturing,200,https://scholar.google.com/citations?view_op=medium_photo&user=7Onha88AAAAJ
Yosep Suseno,,1548,,,,,,
Yoseph Martin Sufianto,,1549,,,,,,
Yosia Mulyonugroho,,1550,,,,,,
Yosua Bagus Kristanto,,1551,,,,,,
Yudas Tadeus Teddy Susanto,,1552,,,,,,
Yudianto Oentario,,1553,,,,,,
Yudith Angelainy,,1554,,,,,,
Yukun Lin,,1555,,,,,,
Yuli Christiana Yoedo,1W5gsOoAAAAJ,1556,,Petra Christian University,@peter.petra.ac.id,Teaching English to Young Learners,39,https://scholar.google.com/citations?view_op=medium_photo&user=1W5gsOoAAAAJ
Yuli Nugraheni,,1557,,,,,,
Yulia,,1558,,,,,,
Yulia Kendengis,HmDcu0MAAAAJ,1559,,Petra Christian University,@petra.ac.id,Information System;Enterprise Resource Planning,179,https://scholar.google.com/citations?view_op=medium_photo&user=HmDcu0MAAAAJ
Yulia Setia,oXh3VKYAAAAJ,1560,,"Early Childhood Educators, Petra Christian University",@petra.ac.id,Early childhood education;Christian education;creative learning;classroom management;theology,17,https://scholar.google.com/citations?view_op=medium_photo&user=oXh3VKYAAAAJ
Yuliana,,1561,,,,,,
Yulistiani Tanumihardjo,,1562,,,,,,
Yulius Jogi Christiawan,Gc4hXy4AAAAJ,1563,,Petra Christian University,@petra.ac.id,Financial accounting;Auditing,2815,https://scholar.google.com/citations?view_op=medium_photo&user=Gc4hXy4AAAAJ
Yulius Untung,,1564,,,,,,
Yulyta Kodrat,,1565,,,,,,
Yun-Chia Liang,,1566,,,,,,
Yuri Njotowidjojo,,1567,,,,,,
Yusak Tanoto,5PLZ95AAAAAJ,1568,,Associate Professor at Petra Christian University,@petra.ac.id,Renewable Energy;Energy Planning;Energy Management;Sustainable Energy,274,https://scholar.google.com/citations?view_op=medium_photo&user=5PLZ95AAAAAJ
Yusita Kusumarini,WKnqwksAAAAJ,1569,,Petra Christian University,@petra.ac.id,Interior Design;Sustainable Design;Universal Design;Design Method,399,https://scholar.google.com/citations?view_op=medium_photo&user=WKnqwksAAAAJ
Yustisia Ditya Sari,,1570,,,,,,
Yustrida Bernawati,,1571,,,,,,
Yusuf Adi Waskito,,1572,,,,,,
Yusuf Daud Endro Wicaksono,,1573,,,,,,
Yusuf Hendra Y,,1574,,,,,,
Yusuf Sutandio,,1575,,,,,,
Zeplin Jiwa Husada Tarigan,0w3ZY48AAAAJ,1576,,"Professor of Management, Petra Christian University",@petra.ac.id,Management;Supply Chain Management;ERP,2795,https://scholar.google.com/citations?view_op=medium_photo&user=0w3ZY48AAAAJ
Zhao Yu Fang B. A,,1577,,,,,,
Zhou Xiao Hua,,1578,,,,,,
Zhou Xiaoqing B. A,,1579,,,,,,
Zhu Shuiqing,,1580,,,,,,
